,0
0,https://hospitality.careers360.com/colleges/guru-gobind-singh-indraprastha-university-delhi
1,https://hospitality.careers360.com/colleges/jamia-millia-islamia-new-delhi
2,https://hospitality.careers360.com/colleges/birla-institute-of-technology-mesra
3,https://hospitality.careers360.com/colleges/lovely-professional-university-phagwara
4,https://hospitality.careers360.com/colleges/banaras-hindu-university-varanasi
5,https://hospitality.careers360.com/colleges/christ-university-bangalore
6,https://hospitality.careers360.com/colleges/chandigarh-university-chandigarh
7,https://hospitality.careers360.com/colleges/aligarh-muslim-university-aligarh
8,https://hospitality.careers360.com/colleges/sathyabama-institute-of-science-and-technology-chennai
9,https://hospitality.careers360.com/colleges/panjab-university-chandigarh
10,https://hospitality.careers360.com/colleges/galgotias-university-greater-noida
11,https://hospitality.careers360.com/colleges/dr-dy-patil-university-navi-mumbai
12,https://hospitality.careers360.com/colleges/maulana-abul-kalam-azad-university-of-technology-kolkata
13,https://hospitality.careers360.com/colleges/kurukshetra-university-kurukshetra
14,https://hospitality.careers360.com/colleges/tezpur-university-tezpur
15,https://hospitality.careers360.com/colleges/koneru-lakshmaiah-education-foundation-guntur
16,https://hospitality.careers360.com/colleges/guru-nanak-dev-university-amritsar
17,https://hospitality.careers360.com/colleges/deenbandhu-chhotu-ram-university-of-science-and-technology-murthal
18,https://hospitality.careers360.com/colleges/techno-india-university-kolkata
19,https://hospitality.careers360.com/colleges/chhatrapati-shahu-ji-maharaj-university-kanpur
20,https://hospitality.careers360.com/colleges/aims-institutes-bangalore
21,https://hospitality.careers360.com/colleges/manipal-academy-of-higher-education-manipal
22,https://hospitality.careers360.com/colleges/rajasthan-technical-university-kota
23,https://hospitality.careers360.com/colleges/hindustan-institute-of-technology-and-science-chennai
24,https://hospitality.careers360.com/colleges/karunya-institute-of-technology-and-sciences-coimbatore
25,https://hospitality.careers360.com/colleges/andhra-university-visakhapatnam
26,https://hospitality.careers360.com/colleges/jaipur-national-university-jaipur
27,https://hospitality.careers360.com/colleges/annamalai-university-annamalai-nagar
28,https://hospitality.careers360.com/colleges/bundelkhand-university-jhansi
29,https://hospitality.careers360.com/colleges/indira-gandhi-national-open-university-new-delhi
30,https://hospitality.careers360.com/colleges/rashtrasant-tukadoji-maharaj-nagpur-university-nagpur
31,https://hospitality.careers360.com/colleges/mgr-educational-and-research-institute-chennai
32,https://hospitality.careers360.com/colleges/babu-banarasi-das-university-lucknow
33,https://hospitality.careers360.com/colleges/techno-india-salt-lake
34,https://hospitality.careers360.com/colleges/chandigarh-group-of-colleges-mohali
35,https://hospitality.careers360.com/colleges/institute-of-hotel-management-ahmedabad
36,https://hospitality.careers360.com/colleges/mahatma-jyotiba-phule-rohilkhand-university-bareilly
37,https://hospitality.careers360.com/colleges/institute-of-hotel-management-catering-and-nutrition-pusa-new-delhi
38,https://hospitality.careers360.com/colleges/jiwaji-university-gwalior
39,https://hospitality.careers360.com/colleges/acharya-nagarjuna-university-guntur
40,https://hospitality.careers360.com/colleges/nims-university-jaipur
41,https://hospitality.careers360.com/colleges/mahatma-gandhi-university-kottayam
42,https://hospitality.careers360.com/colleges/gujarat-technological-university-ahmedabad
43,https://hospitality.careers360.com/colleges/rabindranath-tagore-university-bhopal
44,https://hospitality.careers360.com/colleges/amity-university-jaipur
45,https://hospitality.careers360.com/colleges/iec-university-baddi
46,https://hospitality.careers360.com/colleges/punjabi-university-patiala
47,https://hospitality.careers360.com/colleges/maharshi-dayanand-university-rohtak
48,https://hospitality.careers360.com/colleges/ik-gujral-punjab-technical-university-jalandhar
49,https://hospitality.careers360.com/colleges/dr-bc-roy-engineering-college-durgapur
50,https://hospitality.careers360.com/colleges/ajeenkya-dy-patil-university-pune
51,https://hospitality.careers360.com/colleges/institute-of-hotel-management-catering-technology-and-applied-nutrition-mumbai
52,https://hospitality.careers360.com/colleges/faculty-of-management-studies-manav-rachna-international-institute-of-research-and-studies
53,https://hospitality.careers360.com/colleges/tilak-maharashtra-vidyapeeth-pune
54,https://hospitality.careers360.com/colleges/sardar-patel-university-vallabh-vidyanagar
55,https://hospitality.careers360.com/colleges/nshm-knowledge-campus-kolkata
56,https://hospitality.careers360.com/colleges/university-of-calicut-malappuram
57,https://hospitality.careers360.com/colleges/university-of-jammu-jammu
58,https://hospitality.careers360.com/colleges/college-of-vocational-studies-new-delhi
59,https://hospitality.careers360.com/Hospitality-Tourism/ITM-Institute-of-Hotel-Management-Mumbai
60,https://hospitality.careers360.com/colleges/hemwati-nandan-bahuguna-garhwal-university-pauri-garhwal
61,https://hospitality.careers360.com/colleges/university-of-kerala-thiruvananthapuram
62,https://hospitality.careers360.com/colleges/guru-nanak-institute-of-technology-kolkata
63,https://hospitality.careers360.com/colleges/gd-goenka-university-sohna
64,https://hospitality.careers360.com/nshm-knowledge-campus-durgapur
65,https://hospitality.careers360.com/colleges/dr-ram-manohar-lohia-avadh-university-faizabad
66,https://hospitality.careers360.com/colleges/chitkara-university-himachal-pradesh
67,https://hospitality.careers360.com/colleges/indian-institute-of-tourism-and-travel-management-gwalior
68,https://hospitality.careers360.com/colleges/uttarakhand-technical-university-dehradun
69,https://hospitality.careers360.com/colleges/university-of-kashmir-srinagar
70,https://hospitality.careers360.com/colleges/institute-of-hotel-management-catering-technology-and-applied-nutrition-goa
71,https://hospitality.careers360.com/colleges/jodhpur-national-university-jodhpur
72,https://hospitality.careers360.com/colleges/swami-vivekanand-subharti-university-meerut
73,https://hospitality.careers360.com/colleges/gna-university-phagwara
74,https://hospitality.careers360.com/colleges/sanskriti-university-mathura
75,https://hospitality.careers360.com/colleges/institute-of-hotel-management-catering-technology-and-applied-nutrition-hyderabad
76,https://hospitality.careers360.com/colleges/north-eastern-hill-university-shillong
77,https://hospitality.careers360.com/colleges/neotia-university-kolkata
78,https://hospitality.careers360.com/Hospitality-Tourism/Institute-of-Hotel-Management-Kolkata
79,https://hospitality.careers360.com/colleges/assam-down-town-university-guwahati
80,https://hospitality.careers360.com/colleges/institute-of-management-study-kolkata
81,https://hospitality.careers360.com/hospitality-tourism/institute-hotel-management-bangalore
82,https://hospitality.careers360.com/Hospitality-Tourism/Institute-of-Hotel-Management-Chennai
83,https://hospitality.careers360.com/Sciences/Madras-Christian-College-Chennai
84,https://hospitality.careers360.com/colleges/magadh-university-bodhgaya
85,https://hospitality.careers360.com/colleges/bhagwant-university-ajmer
86,https://hospitality.careers360.com/colleges/sgt-university-gurgaon
87,https://hospitality.careers360.com/colleges/bengal-institute-of-technology-and-management-santiniketan
88,https://hospitality.careers360.com/Hospitality-Tourism/ITM-school-of-culinary-arts-Mumbai
89,https://hospitality.careers360.com/colleges/adesh-university-bhatinda
90,https://hospitality.careers360.com/colleges/institute-of-hotel-management-catering-and-nutrition-lucknow
91,https://hospitality.careers360.com/colleges/state-institute-of-hotel-management-medak
92,https://hospitality.careers360.com/colleges/ponnaiyah-ramajayam-institute-of-science-and-technology-thanjavur
93,https://hospitality.careers360.com/colleges/dr-ambedkar-institue-of-hotel-management-catering-and-nutrition-chandigarh
94,https://hospitality.careers360.com/colleges/sir-padampat-singhania-university-udaipur
95,https://hospitality.careers360.com/colleges/peoples-university-bhopal
96,https://hospitality.careers360.com/colleges/alakh-prakash-goyal-shimla-university-shimla
97,https://hospitality.careers360.com/colleges/dr-ysr-national-institute-of-tourism-and-hospitality-management-hyderabad
98,https://hospitality.careers360.com/colleges/madurai-kamaraj-university-madurai
99,https://hospitality.careers360.com/pailan-college-management-and-technology-kolkata
100,https://hospitality.careers360.com/colleges/vikram-university-ujjain
101,https://hospitality.careers360.com/colleges/gulzar-group-of-institutes-ludhiana
102,https://hospitality.careers360.com/colleges/institute-of-science-and-management-ranchi
103,https://hospitality.careers360.com/colleges/saurashtra-university-rajkot
104,https://hospitality.careers360.com/colleges/icfai-university-jharkhand
105,https://hospitality.careers360.com/colleges/mahatma-gandhi-university-nalgonda
106,https://hospitality.careers360.com/colleges/hemchandracharya-north-gujarat-university-patan
107,https://hospitality.careers360.com/colleges/bhagat-phool-singh-mahila-vishwavidyalaya-khanpur-kalan
108,https://hospitality.careers360.com/colleges/dr-br-ambedkar-open-university-hyderabad
109,https://hospitality.careers360.com/colleges/tamil-nadu-open-university-chennai
110,https://hospitality.careers360.com/colleges/institute-of-hotel-management-catering-technology-and-applied-nutrition-bhopal
111,https://hospitality.careers360.com/colleges/bahra-university-shimla
112,https://hospitality.careers360.com/colleges/gujarat-forensic-sciences-university-gandhinagar
113,https://hospitality.careers360.com/colleges/icfai-university-jaipur
114,https://hospitality.careers360.com/colleges/auro-university-surat
115,https://hospitality.careers360.com/colleges/institute-of-hotel-management-catering-technology-and-applied-nutrition-jaipur
116,https://hospitality.careers360.com/colleges/institute-of-science-and-technology-paschim-medinipur
117,https://hospitality.careers360.com/colleges/kerala-institute-of-tourism-and-travel-studies-trivandrum
118,https://hospitality.careers360.com/colleges/garden-city-university-bangalore
119,https://hospitality.careers360.com/colleges/mangalayatan-university-aligarh
120,https://hospitality.careers360.com/colleges/institute-of-hotel-management-catering-technology-and-applied-nutrition-guwahati
121,https://hospitality.careers360.com/colleges/institute-of-hotel-management-catering-and-nutrition-shimla
122,https://hospitality.careers360.com/colleges/institution-of-hotel-management-gangtok
123,https://hospitality.careers360.com/colleges/pacific-university-udaipur
124,https://hospitality.careers360.com/colleges/chandigarh-institute-of-hotel-management-and-catering-technology-chandigarh
125,https://hospitality.careers360.com/colleges/dr-babasaheb-ambedkar-open-university-ahmedabad
126,https://hospitality.careers360.com/colleges/amity-university-kolkata
127,https://hospitality.careers360.com/colleges/institute-of-hotel-management-catering-technology-and-applied-nutrition-gwalior
128,https://hospitality.careers360.com/colleges/delhi-institute-of-hotel-management-and-catering-technology-new-delhi
129,https://hospitality.careers360.com/colleges/awadhesh-pratap-singh-university-rewa
130,https://hospitality.careers360.com/colleges/uttarakhand-open-university-haldwani
131,https://hospitality.careers360.com/colleges/techno-global-university-shillong
132,https://hospitality.careers360.com/colleges/institute-of-hotel-management-and-catering-technology-kovalam
133,https://hospitality.careers360.com/colleges/cmj-university-shillong
134,https://hospitality.careers360.com/colleges/institute-of-hotel-management-catering-and-nutrition-hajipur
135,https://hospitality.careers360.com/colleges/ashok-institute-of-hospitality-and-tourism-management-new-delhi
136,https://hospitality.careers360.com/sambhram-academy-management-studies-bangalore
137,https://hospitality.careers360.com/colleges/srm-institute-of-hotel-management-chennai
138,https://hospitality.careers360.com/colleges/ct-university-ludhiana
139,https://hospitality.careers360.com/colleges/mewar-university-chittorgarh
140,https://hospitality.careers360.com/maharishi-arvind-institute-of-engineering-and-technology-jaipur
141,https://hospitality.careers360.com/colleges/institute-of-hotel-management-catering-technology-and-applied-nutrition-bhubaneswar
142,https://hospitality.careers360.com/amity-school-distance-learning-noida
143,https://hospitality.careers360.com/colleges/st-josephs-college-bangalore
144,https://hospitality.careers360.com/colleges/institute-of-hotel-management-catering-and-nutrition-srinagar
145,https://hospitality.careers360.com/colleges/institute-of-hotel-management-catering-and-nutrition-gurdaspur
146,https://hospitality.careers360.com/colleges/administrative-management-college-bangalore
147,https://hospitality.careers360.com/colleges/premlila-vithaldas-polytechnic-mumbai
148,https://hospitality.careers360.com/colleges/guru-nanak-institute-of-hotel-management-kolkata
149,https://hospitality.careers360.com/colleges/mangalore-university-mangalore
150,https://hospitality.careers360.com/colleges/government-ramnarayan-chellaram-college-of-commerce-and-management-bangalore
151,https://hospitality.careers360.com/t-john-college-bangalore
152,https://hospitality.careers360.com/colleges/kumaun-university-nainital
153,https://hospitality.careers360.com/colleges/institute-of-hotel-management-catering-technology-and-applied-nutrition-shillong
154,https://hospitality.careers360.com/colleges/institute-of-hotel-management-catering-technology-and-applied-nutrition-bathinda
155,https://hospitality.careers360.com/colleges/suresh-gyan-vihar-university-jaipur
156,https://hospitality.careers360.com/colleges/maharaja-agrasen-university-solan
157,https://hospitality.careers360.com/colleges/indian-institute-of-tourism-and-travel-management-nellore
158,https://hospitality.careers360.com/colleges/hr-institute-of-technology-ghaziabad
159,https://hospitality.careers360.com/nips-school-hotel-management-kolkata
160,https://hospitality.careers360.com/colleges/institute-of-hotel-management-faridabad
161,https://hospitality.careers360.com/colleges/institute-of-hotel-management-catering-technology-and-applied-nutrition-meerut
162,https://hospitality.careers360.com/colleges/global-open-university-dimapur
163,https://hospitality.careers360.com/colleges/niilm-university-kaithal
164,https://hospitality.careers360.com/colleges/dev-bhoomi-institute-of-management-studies-dehradun
165,https://hospitality.careers360.com/hospitality-tourism/institute-hotel-management-aurangabad
166,https://hospitality.careers360.com/colleges/arni-university-kathgarh
167,https://hospitality.careers360.com/colleges/icfai-university-sikkim
168,https://hospitality.careers360.com/colleges/institute-of-hotel-management-catering-technology-and-applied-nutrition-dehradun
169,https://hospitality.careers360.com/colleges/institute-of-hotel-management-and-catering-technology-silvassa
170,https://hospitality.careers360.com/colleges/institute-of-hotel-management-catering-technology-and-applied-nutrition-kurukshetra
171,https://hospitality.careers360.com/colleges/chitkara-school-of-hospitality-chandigarh
172,https://hospitality.careers360.com/colleges/muthayammal-college-of-arts-and-science-namakkal
173,https://hospitality.careers360.com/colleges/institute-of-hotel-management-catering-technology-and-applied-nutrition-yamunanagar
174,https://hospitality.careers360.com/colleges/indian-academy-degree-college-bangalore
175,https://hospitality.careers360.com/colleges/dr-br-ambedkar-institute-of-technology-port-blair
176,https://hospitality.careers360.com/bells-institute-management-and-technology-shimla
177,https://hospitality.careers360.com/colleges/shri-shakti-college-of-hotel-management-hyderabad
178,https://hospitality.careers360.com/colleges/himalayan-university-itanagar
179,https://hospitality.careers360.com/colleges/sacred-heart-college-kochi
180,https://hospitality.careers360.com/colleges/bfit-group-of-institutions-dehradun
181,https://hospitality.careers360.com/colleges/indus-international-university-una
182,https://hospitality.careers360.com/colleges/shridhar-university-pilani
183,https://hospitality.careers360.com/colleges/state-institute-of-hospitality-management-kozhikode
184,https://hospitality.careers360.com/colleges/pondicherry-institute-of-hotel-management-and-catering-technology-pondicherry
185,https://hospitality.careers360.com/colleges/state-institute-of-hotel-management-catering-technology-and-applied-nutrition-jodhpur
186,https://hospitality.careers360.com/colleges/chandigarh-college-of-hotel-management-and-catering-technology-mohali
187,https://hospitality.careers360.com/colleges/vikrama-simhapuri-university-nellore
188,https://hospitality.careers360.com/colleges/indira-gandhi-university-meerpur
189,https://hospitality.careers360.com/colleges/krishna-kanta-handiqui-state-open-university-guwahati
190,https://hospitality.careers360.com/colleges/avalon-business-school-visakhapatnam
191,https://hospitality.careers360.com/colleges/marian-college-kuttikkanam
192,https://hospitality.careers360.com/colleges/arihant-college-of-arts-commerce-and-science-pune
193,https://hospitality.careers360.com/colleges/andhra-university-college-of-arts-and-commerce-visakhapatnam
194,https://hospitality.careers360.com/colleges/indian-institute-of-business-management-patna
195,https://hospitality.careers360.com/colleges/indian-school-of-business-management-and-administration-chennai
196,https://hospitality.careers360.com/colleges/state-institute-of-hotel-management-rohtak
197,https://hospitality.careers360.com/colleges/institute-of-hotel-management-catering-technology-and-applied-nutrition-panipat
198,https://hospitality.careers360.com/colleges/state-institute-of-hotel-management-and-catering-technology-thuvakkudi
199,https://hospitality.careers360.com/colleges/bilaspur-vishwavidyalaya-bilaspur
200,https://hospitality.careers360.com/colleges/maharashtra-state-institute-of-hotel-management-and-catering-technology-pune
201,https://hospitality.careers360.com/colleges/indian-institute-of-learning-and-advanced-development-gurgaon
202,https://hospitality.careers360.com/colleges/behala-college-kolkata
203,https://hospitality.careers360.com/colleges/nalanda-college-biharsharif
204,https://hospitality.careers360.com/colleges/state-institute-of-hotel-management-catering-technology-tirupati
205,https://hospitality.careers360.com/colleges/university-department-of-management-science-dr-babasaheb-ambedkar-marathwada-university
206,https://hospitality.careers360.com/colleges/government-polytechnic-nagpur
207,https://hospitality.careers360.com/colleges/himalayan-institute-of-management-and-technology-new-delhi
208,https://hospitality.careers360.com/colleges/ms-ramaiah-college-of-hotel-management-bangalore
209,https://hospitality.careers360.com/colleges/don-bosco-college-mumbai
210,https://hospitality.careers360.com/colleges/rimt-university-gobindgarh
211,https://hospitality.careers360.com/colleges/sri-sai-college-of-engineering-and-technology-pathankot
212,https://hospitality.careers360.com/colleges/dav-centenary-college-faridabad
213,https://hospitality.careers360.com/colleges/institute-of-hotel-management-catering-technology-and-applied-nutrition-hamirpur
214,https://hospitality.careers360.com/colleges/hr-institute-of-hotel-management-ghaziabad
215,https://hospitality.careers360.com/colleges/kle-societys-s-nijalingappa-college-bengaluru
216,https://hospitality.careers360.com/colleges/all-india-shri-shivaji-memorial-societys-college-of-hotel-management-and-catering
217,https://hospitality.careers360.com/colleges/lady-amritbai-daga-college-for-women-of-arts-science-and-commerce-and-smt-ratnidevi-purohit
218,https://hospitality.careers360.com/colleges/utkal-university-of-culture-bhubaneswar
219,https://hospitality.careers360.com/colleges/justice-basheer-ahmed-sayeed-college-for-women-chennai
220,https://hospitality.careers360.com/colleges/indira-gandhi-national-tribal-university-amarkantak
221,https://hospitality.careers360.com/colleges/ghanshyamdas-saraf-college-of-arts-and-commerce-mumbai
222,https://hospitality.careers360.com/colleges/bjb-autonomous-college-bhubaneswar
223,https://hospitality.careers360.com/colleges/kapol-college-mumbai
224,https://hospitality.careers360.com/colleges/mar-ivanios-college-nalanchira
225,https://hospitality.careers360.com/colleges/madhav-university-sirohi
226,https://hospitality.careers360.com/colleges/north-east-frontier-technical-university-west-siang
227,https://hospitality.careers360.com/colleges/sri-satya-sai-university-of-technology-and-medical-sciences-sehore
228,https://hospitality.careers360.com/colleges/sai-institute-of-paramedical-and-allied-science-dehradun
229,https://hospitality.careers360.com/colleges/institute-of-management-research-and-technology-nashik
230,https://hospitality.careers360.com/colleges/st-philomenas-college-mysore
231,https://hospitality.careers360.com/colleges/bhupal-nobles-university-udaipur
232,https://hospitality.careers360.com/colleges/maya-institute-of-technology-and-management-dehradun
233,https://hospitality.careers360.com/colleges/chandravati-group-of-institution-bharatpur
234,https://hospitality.careers360.com/hospitality-tourism/welcomgroup-graduate-school-hotel-administration-manipal-university-manipal
235,https://hospitality.careers360.com/colleges/ranjita-institute-of-hotel-management-and-catering-technology-bhubaneswar
236,https://hospitality.careers360.com/colleges/mahatama-gandhi-vidyamandirs-college-of-hotel-management-and-catering-technology-nashik
237,https://hospitality.careers360.com/colleges/shri-balasaheb-tirpude-college-of-hotel-management-and-catering-technology-nagpur
238,https://hospitality.careers360.com/colleges/martin-luther-christian-university-shillong
239,https://hospitality.careers360.com/colleges/karnataka-janapada-vishwavidyalaya-shiggavi
240,https://hospitality.careers360.com/colleges/catalyst-institute-of-management-and-advance-global-excellence-patna
241,https://hospitality.careers360.com/colleges/university-college-kurukshetra-university-kurukshetra
242,https://hospitality.careers360.com/colleges/viva-college-virar
243,https://hospitality.careers360.com/colleges/nirmala-college-of-information-technology-chalakudy
244,https://hospitality.careers360.com/colleges/dr-bmn-college-of-home-science-mumbai
245,https://hospitality.careers360.com/colleges/state-institute-of-hotel-management-indore
246,https://hospitality.careers360.com/colleges/naipunnya-institute-of-management-and-information-technology-thrissur
247,https://hospitality.careers360.com/colleges/vm-salgaocar-institute-of-international-hospitality-education-goa
248,https://hospitality.careers360.com/colleges/elitte-institute-of-engineering-and-management-kolkata
249,https://hospitality.careers360.com/colleges/government-polytechnic-jammu
250,https://hospitality.careers360.com/colleges/siliguri-college-siliguri
251,https://hospitality.careers360.com/colleges/microtek-college-of-management-and-technology-varanasi
252,https://hospitality.careers360.com/colleges/guru-nanak-institute-of-pharmaceutical-science-and-technology-school-of-life-science
253,https://hospitality.careers360.com/colleges/sevdie-institute-of-management-and-technology-lucknow
254,https://hospitality.careers360.com/colleges/jagannath-institute-of-management-sciences-rohini
255,https://hospitality.careers360.com/colleges/era-university-lucknow
256,https://hospitality.careers360.com/colleges/quantum-university-roorkee
257,https://hospitality.careers360.com/colleges/business-school-university-of-kashmir-srinagar
258,https://hospitality.careers360.com/colleges/university-institute-of-hotel-management-and-tourism-punjab-university-chandigarh
259,https://hospitality.careers360.com/colleges/icfai-university-tura-meghalaya
260,https://hospitality.careers360.com/colleges/icfai-university-mizoram
261,https://hospitality.careers360.com/colleges/desh-bhagat-institute-of-hotel-management-and-catering-technology-mandi-gobindgarh
262,https://hospitality.careers360.com/colleges/kc-college-of-hotel-management-nawanshahr
263,https://hospitality.careers360.com/colleges/munnar-catering-college-munnar
264,https://hospitality.careers360.com/colleges/oriental-school-of-hotel-management-lakkidi
265,https://hospitality.careers360.com/colleges/ajmvpss-institute-of-hotel-management-and-catering-technology-ahmednagar
266,https://hospitality.careers360.com/colleges/dr-dy-patil-vidya-pratishthan-societys-dr-dy-patil-institute-of-hotel-management-and
267,https://hospitality.careers360.com/colleges/sinhgad-institute-of-hotel-management-and-catering-technology-lonavala
268,https://hospitality.careers360.com/colleges/tuli-college-of-hotel-management-nagpur
269,https://hospitality.careers360.com/colleges/advanced-information-and-management-studies-durgapur
270,https://hospitality.careers360.com/colleges/international-institute-of-hotel-management-pune
271,https://hospitality.careers360.com/colleges/government-degree-college-sopore
272,https://hospitality.careers360.com/colleges/government-institute-of-hotel-management-catering-technology-and-applied-nutrition-dehradun
273,https://hospitality.careers360.com/colleges/srm-university-sikkim
274,https://hospitality.careers360.com/colleges/christ-college-irinjalakuda
275,https://hospitality.careers360.com/colleges/iias-school-of-management-siliguri
276,https://hospitality.careers360.com/colleges/surya-world-university-patiala
277,https://hospitality.careers360.com/colleges/dr-br-ambedkar-polytechnic-college-gwalior
278,https://hospitality.careers360.com/colleges/government-womens-polytechnic-college-jabalpur
279,https://hospitality.careers360.com/colleges/government-polytechnic-thane
280,https://hospitality.careers360.com/colleges/salesian%C2%A0college%C2%A0sonada
281,https://hospitality.careers360.com/colleges/meenakshi-ramaswamy-arts-and-science-college-ariyalur
282,https://hospitality.careers360.com/colleges/dr-narayana-college-of-hotel-management-and-catering-technology-secunderabad
283,https://hospitality.careers360.com/colleges/queen-marys-college-chennai
284,https://hospitality.careers360.com/colleges/army-institute-of-hotel-management-and-catering-technology-bangalore
285,https://hospitality.careers360.com/colleges/sahyadri-science-college-shimoga
286,https://hospitality.careers360.com/colleges/guru-nanak-khalsa-college-karnal
287,https://hospitality.careers360.com/colleges/bng-hotel-management-kolkata
288,https://hospitality.careers360.com/colleges/bharath-college-of-science-and-management-thanjavur
289,https://hospitality.careers360.com/colleges/universal-institute-of-management-and-technology-lalru
290,https://hospitality.careers360.com/colleges/isbm-university-gariyaband
291,https://hospitality.careers360.com/colleges/kingston-school-of-management-and-science-kolkata
292,https://hospitality.careers360.com/colleges/st-brittos-college-chennai
293,https://hospitality.careers360.com/colleges/polytechnic-for-women-new-delhi
294,https://hospitality.careers360.com/colleges/itm-institute-of-hotel-management-oshiwara
295,https://hospitality.careers360.com/colleges/aditya-degree-college-eluru
296,https://hospitality.careers360.com/colleges/uttranchal-institute-of-hospitality-management-and-tourism-dehradun
297,https://hospitality.careers360.com/colleges/ct-institute-of-hotel-management-and-catering-technology-jalandhar
298,https://hospitality.careers360.com/colleges/st-soldier-institute-of-hotel-management-and-catering-technology-jalandhar
299,https://hospitality.careers360.com/colleges/vels-institute-of-hotel-management-chennai
300,https://hospitality.careers360.com/colleges/vlb-janakiammal-college-of-arts-and-science-coimbatore
301,https://hospitality.careers360.com/colleges/nehru-memorial-college-puthanampatti
302,https://hospitality.careers360.com/colleges/inspiria-knowledge-campus-siliguri
303,https://hospitality.careers360.com/colleges/sai-nath-college-agra
304,https://hospitality.careers360.com/colleges/gitaram-institute-of-management-berhampore
305,https://hospitality.careers360.com/colleges/subhas-bose-institute-of-hotel-management-kolkata
306,https://hospitality.careers360.com/colleges/apex-professional-university-pasighat
307,https://hospitality.careers360.com/colleges/abs-academy-of-science-technology-and-management-durgapur
308,https://hospitality.careers360.com/colleges/dr-it-institute-of-management-chandigarh
309,https://hospitality.careers360.com/colleges/rvs-college-of-arts-and-science-karaikal
310,https://hospitality.careers360.com/colleges/gandhi-memorial-college-of-education-jammu
311,https://hospitality.careers360.com/colleges/sophia-polytechnic-mumbai
312,https://hospitality.careers360.com/colleges/government-polytechnic-beronkhal-pauri-garhwal
313,https://hospitality.careers360.com/colleges/institute-of-hotel-management-studies-kotdwar
314,https://hospitality.careers360.com/colleges/sri-vijay-vidyalaya-college-of-arts-and-science-dharmapuri
315,https://hospitality.careers360.com/colleges/global-institute-of-hotel-management-hyderabad
316,https://hospitality.careers360.com/colleges/chennai-national-arts-and-science-college-chennai
317,https://hospitality.careers360.com/colleges/holy-cross-institute-of-management-and-technology-calicut
318,https://hospitality.careers360.com/colleges/gems-arts-and-science-college-ramapuram
319,https://hospitality.careers360.com/colleges/mm-knowledge-arts-and-science-college-kannur
320,https://hospitality.careers360.com/colleges/ms-college-of-arts-science-commerce-and-bms-thane
321,https://hospitality.careers360.com/colleges/naipunnya-school-of-management-alappuzha
322,https://hospitality.careers360.com/colleges/oriental-college-of-hotel-management-and-culinary-arts-wayanad
323,https://hospitality.careers360.com/colleges/kodaikanal-christian-college-kodaikanal
324,https://hospitality.careers360.com/colleges/tiruppur-kumaran-college-for-women-tiruppur
325,https://hospitality.careers360.com/colleges/government-college-mohali
326,https://hospitality.careers360.com/colleges/sindhi-college-of-arts-and-science-chennai
327,https://hospitality.careers360.com/colleges/dwarika-prasad-vipra-pg-college-bilaspur
328,https://hospitality.careers360.com/colleges/radhey-hari-government-post-graduate-college-kashipur
329,https://hospitality.careers360.com/colleges/ksg-college-of-arts-and-science-coimbatore
330,https://hospitality.careers360.com/colleges/govind-guru-tribal-university-banswara
331,https://hospitality.careers360.com/colleges/jis-institute-of-skill-development-kolkata
332,https://hospitality.careers360.com/colleges/icfai-university-shillong-meghalaya
333,https://hospitality.careers360.com/colleges/calorx-teachers-university-ahmedabad
334,https://hospitality.careers360.com/colleges/arun-muchhala-international-college-of-hotel-management-thane
335,https://hospitality.careers360.com/colleges/asian-college-of-hotel-management-vijayawada
336,https://hospitality.careers360.com/colleges/goa-college-of-hospitality-and-culinary-education-goa
337,https://hospitality.careers360.com/colleges/bhadrak-autonomous-college-bhadrak
338,https://hospitality.careers360.com/colleges/biju-pattnaik-college-of-hotel-management-and-tourism-social-work-journalism-bomikhal
339,https://hospitality.careers360.com/colleges/aim-institute-of-hotel-management-and-aviation-haldwani
340,https://hospitality.careers360.com/colleges/imperial-institute-of-management-and-technology-haldwani
341,https://hospitality.careers360.com/colleges/royale-college-of-tourism-and-hotel-management-nainital
342,https://hospitality.careers360.com/colleges/indian-institute-of-management-and-technology%C2%A0haldwani
343,https://hospitality.careers360.com/colleges/aditya-degree-college-vizianagaram
344,https://hospitality.careers360.com/colleges/aditya-degree-college-bhimavaram
345,https://hospitality.careers360.com/colleges/yenepoya-college-mangalore
346,https://hospitality.careers360.com/colleges/nshm-college-of-management-and-technology-kolkata
347,https://hospitality.careers360.com/colleges/swami-vivekananda-institute-of-modern-science-kolkata
348,https://hospitality.careers360.com/colleges/pdeas-waghire-college-of-arts-commere-and-science-saswad
349,https://hospitality.careers360.com/brahmanand-group-institutions-bulandshahr
350,https://hospitality.careers360.com/colleges/rayat-and-bahra-institute-of-hotel-management-mohali
351,https://hospitality.careers360.com/colleges/jp-institute-of-hotel-management-and-catering-technology-meerut
352,https://hospitality.careers360.com/colleges/sams-institute-of-hotel-management-varanasi
353,https://hospitality.careers360.com/colleges/iec-institute-of-hotel-management-greater-noida
354,https://hospitality.careers360.com/colleges/sunderdeep-college-of-hotel-management-ghaziabad
355,https://hospitality.careers360.com/colleges/heritage-institute-of-hotel-and-tourism-agra
356,https://hospitality.careers360.com/colleges/aptech-aviation-and-hospitality-academy-ernakulam
357,https://hospitality.careers360.com/colleges/lakshay-college-of-hotel-management-panipat
358,https://hospitality.careers360.com/colleges/banarsidas-chandiwala-institute-of-hotel-management-and-catering-technology-new-delhi
359,https://hospitality.careers360.com/colleges/pinnacle-institute-of-hotel-management-and-catering-technology-hydearabad
360,https://hospitality.careers360.com/colleges/c-m-dubey-post-graduate-college-bilaspur
361,https://hospitality.careers360.com/colleges/pailan-school-of-international-studies-kolkata
362,https://hospitality.careers360.com/colleges/amro-institutes-nashik
363,https://hospitality.careers360.com/colleges/sarosh-institute-of-hotel-administration-mangalore
364,https://hospitality.careers360.com/colleges/indira-gandhi-national-aviation-university-raebareli
365,https://hospitality.careers360.com/colleges/blue-mountains-group-of-colleges-dehradun
366,https://hospitality.careers360.com/colleges/iias-school-of-management-kolkata
367,https://hospitality.careers360.com/colleges/iias-school-of-management-goa
368,https://hospitality.careers360.com/colleges/lalit-suri-hospitality-school-faridabad
369,https://hospitality.careers360.com/colleges/ram-khelawan-mahavidyalaya-barabanki
370,https://hospitality.careers360.com/colleges/bhawanipur-anchalik-college-barpeta
371,https://hospitality.careers360.com/colleges/dev-samaj-college-for-women-ferozepur
372,https://hospitality.careers360.com/colleges/chaitanya-degree-college-nandigama
373,https://hospitality.careers360.com/colleges/ns-patel-arts-college-anand
374,https://hospitality.careers360.com/colleges/indus-seafarers-training-academy-chennai
375,https://hospitality.careers360.com/colleges/alpine-college-of-management-and-technology-dehradun
376,https://hospitality.careers360.com/colleges/government-ranbir-college-sangrur
377,https://hospitality.careers360.com/colleges/apb-government-post-graduate-college-agastyamuni
378,https://hospitality.careers360.com/colleges/kukreja-institute-of-hotel-management-and-catering-technology-dehradun
379,https://hospitality.careers360.com/colleges/abi-and-abi-college-arts-science-and-technology-thanjavur
380,https://hospitality.careers360.com/colleges/marudupandiyar-institutions-thanjavur
381,https://hospitality.careers360.com/colleges/pavendar-bharathidasan-college-of-arts-and-science-tiruchirappalli
382,https://hospitality.careers360.com/colleges/valluvar-college-of-science-and-management-karur
383,https://hospitality.careers360.com/colleges/muslim-arts-college-thiruvithancode
384,https://hospitality.careers360.com/colleges/hindi-mahavidyalaya-hyderabad
385,https://hospitality.careers360.com/colleges/pioneer-institute-of-hotel-management-hyderabad
386,https://hospitality.careers360.com/colleges/indian-institute-of-hotel-management-and-culinary-arts-hyderabad
387,https://hospitality.careers360.com/colleges/john-bauer-college-of-hotel-management-and-catering-technology-secunderabad
388,https://hospitality.careers360.com/colleges/leo-academy-of-hospitality-and-tourism-management-hyderabad
389,https://hospitality.careers360.com/colleges/westin-college-of-hotel-management-hyderabad
390,https://hospitality.careers360.com/colleges/gesto-culinary-and-hospitality-academy-hyderabad
391,https://hospitality.careers360.com/colleges/bhaktavatsalam-memorial-college-for-women-chennai
392,https://hospitality.careers360.com/colleges/av-abdurahman-haji-arts-and-science-college-kozhikode
393,https://hospitality.careers360.com/colleges/government-arts-and-science-college-vilayil
394,https://hospitality.careers360.com/colleges/college-of-non-conventional-vocational-courses-for-women-kolhapur
395,https://hospitality.careers360.com/colleges/mar-dionysius-college-pazhanji
396,https://hospitality.careers360.com/colleges/novels-nibr-college-of-hotel-management-and-catering-technology-pune
397,https://hospitality.careers360.com/colleges/itm-college-of-arts-and-science-kannur
398,https://hospitality.careers360.com/colleges/naher-arts-and-science-college-kannur
399,https://hospitality.careers360.com/colleges/mic-arts-and-science-college-kasaragod
400,https://hospitality.careers360.com/colleges/peoples-co-operative-arts-and-science-college-munnad
401,https://hospitality.careers360.com/colleges/sree-narayana-arts-and-science-college-kottayam
402,https://hospitality.careers360.com/colleges/navnirman-college-of-arts-commerce-and-science-ratnagiri
403,https://hospitality.careers360.com/colleges/sree-narayana-guru-memorial-arts-and-science-college-alappuzha
404,https://hospitality.careers360.com/colleges/sree-narayana-guru-memorial-catering-college-alappuzha
405,https://hospitality.careers360.com/colleges/oxford-college-of-hotel-management-bangalore
406,https://hospitality.careers360.com/colleges/alphonsa-arts-and-science-college-wayanad
407,https://hospitality.careers360.com/colleges/sambhram-college-of-hotel-management-kolar
408,https://hospitality.careers360.com/colleges/international-academy-for-management-studies-thiruvananthapuram
409,https://hospitality.careers360.com/colleges/innocent-hearts-group-of-institutions-jalandhar
410,https://hospitality.careers360.com/colleges/mugberia-gangadhar-mahavidyalaya-purba-medinipur
411,https://hospitality.careers360.com/colleges/bhupal-nobles-pg-college-udaipur
412,https://hospitality.careers360.com/colleges/siddhartha-institute-of-hotel-management-and-catering-technology-vijayawada
413,https://hospitality.careers360.com/colleges/bhikaji-cama-subharti-institute-of-hotel-management-meerut
414,https://hospitality.careers360.com/colleges/ps-muthu-college-of-arts-and-science-theni
415,https://hospitality.careers360.com/colleges/annai-fathima-college-of-arts-and-science-madurai
416,https://hospitality.careers360.com/colleges/mary-matha-college-of-arts-and-science-theni
417,https://hospitality.careers360.com/colleges/mes-arts-and-science-college-malappuram
418,https://hospitality.careers360.com/colleges/saffron-college-fatehgarh-sahib
419,https://hospitality.careers360.com/colleges/sikkim-government-college-tadong
420,https://hospitality.careers360.com/colleges/bharat-institute-of-catering-technology-and-hotel-management-thanjavur
421,https://hospitality.careers360.com/colleges/pazhassi-raja-college-pulpally
422,https://hospitality.careers360.com/colleges/government-post-graduate-college-bilaspur
423,https://hospitality.careers360.com/colleges/rajagiri-dawood-batcha-college-of-arts-and-science-papanasam
424,https://hospitality.careers360.com/colleges/shree-devi-college-of-hotel-management-mangalore
425,https://hospitality.careers360.com/colleges/st-thomas-college-pathanamthitta
426,https://hospitality.careers360.com/colleges/za-islamia-pg-college-siwan
427,https://hospitality.careers360.com/colleges/sai-institute-of-management-amritsar
428,https://hospitality.careers360.com/colleges/sarada-college-of-hotel-management-hyderabad
429,https://hospitality.careers360.com/colleges/png-government-pg-college-ramnagar
430,https://hospitality.careers360.com/colleges/government-post-graduate-college-ranikhet
431,https://hospitality.careers360.com/colleges/government-post-graduate-college-narayan-nagar
432,https://hospitality.careers360.com/colleges/kohinoor-imi-school-of-hospitality-management-khandala
433,https://hospitality.careers360.com/colleges/gautam-college-hamirpur
434,https://hospitality.careers360.com/colleges/sheds%C2%A0college-of-hospitality-management-solan
435,https://hospitality.careers360.com/colleges/pk-university-shivpuri
436,https://hospitality.careers360.com/colleges/assam-womens-university-jorhat
437,https://hospitality.careers360.com/colleges/kothari-college-of-management-science-and-technology-indore
438,https://hospitality.careers360.com/colleges/amrapali-institute-of-hospitality-management-haldwani
439,https://hospitality.careers360.com/colleges/amrapali-institute-of-applied-science-haldwani
440,https://hospitality.careers360.com/colleges/government%C2%A0institute-of-hotel-management%C2%A0and%C2%A0catering-technology-nagpur
441,https://hospitality.careers360.com/colleges/sri-sukhmani-institute-of-hospitality-and-management-dera-bassi
442,https://hospitality.careers360.com/colleges/sri-sukhmani-polytechnic-for-women-chandigarh
443,https://hospitality.careers360.com/colleges/ct-institute-of-hotel-management-jalandhar
444,https://hospitality.careers360.com/colleges/driems-school-of-hotel-management-cuttack
445,https://hospitality.careers360.com/colleges/shekhawati-polytechnic-college-sikar
446,https://hospitality.careers360.com/colleges/aditya-degree-college-for-women-rajahmundry
447,https://hospitality.careers360.com/colleges/westin-college-of-hotel-management-vijayawada
448,https://hospitality.careers360.com/colleges/indira-gandhi-government-college-tezu
449,https://hospitality.careers360.com/colleges/arunachal-community-college-itanagar
450,https://hospitality.careers360.com/colleges/north-east-institute-of-management-science-jorhat
451,https://hospitality.careers360.com/colleges/cz-patel-college-of-business-and-management-anand
452,https://hospitality.careers360.com/colleges/vivekananda-institute-of-hotel-and-tourism-management-rajkot
453,https://hospitality.careers360.com/colleges/sheth-pt-mahila-college-of-arts-and-home-science-surat
454,https://hospitality.careers360.com/colleges/college-deoghar
455,https://hospitality.careers360.com/colleges/st%C2%A0josephs-institute%C2%A0of-hotel%C2%A0management%C2%A0and%C2%A0catering-technology-palai
456,https://hospitality.careers360.com/colleges/baithul-izza-arts-and-science-college-kozhikode
457,https://hospitality.careers360.com/colleges/international-college-for-new-age-studies-calicut
458,https://hospitality.careers360.com/colleges/st-alphonsa-college-for-hotel-management-calicut
459,https://hospitality.careers360.com/colleges/pocker-sahib-memorial-orphanage-college-tirurangadi
460,https://hospitality.careers360.com/colleges/amal-college-of-advanced-studies-nilambur
461,https://hospitality.careers360.com/colleges/khidmath-arts-and-science-college-malappuram
462,https://hospitality.careers360.com/colleges/yuvakshetra-institute-of-management-studies-mundur
463,https://hospitality.careers360.com/colleges/sankar-institute-of-science-technology-and-management-kollam
464,https://hospitality.careers360.com/colleges/lourdes-matha-institute-of-hotel-management-and-catering-technology-thiruvananthapuram
465,https://hospitality.careers360.com/colleges/niis-institute-of-information-science-and-management-bhubaneswar
466,https://hospitality.careers360.com/colleges/academy-of-management-studies-baripada
467,https://hospitality.careers360.com/colleges/central-institute-of-hotel-management-and-catering-bhubaneswar
468,https://hospitality.careers360.com/colleges/imb-school-of-hospitality-bhubaneswar
469,https://hospitality.careers360.com/colleges/national-institute-of-hotel-management-and-tourism-bhubaneswar
470,https://hospitality.careers360.com/colleges/premiere-institute-of-hotel-management-catering-technology-and-tourism-puri
471,https://hospitality.careers360.com/colleges/satwik-institute-of-professional-studies-bhubaneswar
472,https://hospitality.careers360.com/colleges/state-institute-of-hotel-management-balangir
473,https://hospitality.careers360.com/colleges/swosti-institute-of-management-and-social-studies-bhubaneswar
474,https://hospitality.careers360.com/colleges/cordia-institute-of-hotel-management-and-catering-technology-sanghol
475,https://hospitality.careers360.com/colleges/government-rajindra-college-bathinda
476,https://hospitality.careers360.com/colleges/saraswati-college-of-management-and-computer-sciences-mohali
477,https://hospitality.careers360.com/colleges/mk-group-of-institutions-amritsar
478,https://hospitality.careers360.com/colleges/sus-college-of-technology-kapurthala
479,https://hospitality.careers360.com/colleges/vidya-jyoti-educational-society-dera-bassi
480,https://hospitality.careers360.com/colleges/westwood-institute-of-hotel-management-zirakpur
481,https://hospitality.careers360.com/colleges/ckd-institute-of-management-and-technology-tarn-taran
482,https://hospitality.careers360.com/colleges/pyramid-college-of-business-and-technology-phagwara
483,https://hospitality.careers360.com/colleges/hoshiarpur-institute-of-management-and-technology-hoshiarpur
484,https://hospitality.careers360.com/colleges/institute-of-technology-and-future-trends-chandigarh
485,https://hospitality.careers360.com/colleges/rayat-bahra-university-school-of-hospitality-management-and-catering-technology-mohali
486,https://hospitality.careers360.com/colleges/state-institute-of-hotel-management-and-catering-technology-and-applied-nutrition-new-tehri
487,https://hospitality.careers360.com/colleges/amazon-institute-of-hotel-tourism-and-management%C2%A0dehradun
488,https://hospitality.careers360.com/colleges/annpurna-food-craft-institute-chamba
489,https://hospitality.careers360.com/colleges/dreamshapers-institute-of-management-studies-haldwani
490,https://hospitality.careers360.com/colleges/fusion-institute-of-hotel-management-dehradun
491,https://hospitality.careers360.com/colleges/institute-of-hospitality-management-rishikesh
492,https://hospitality.careers360.com/colleges/renaissance-college-of-hotel-management-and-catering-technology-ramnagar
493,https://hospitality.careers360.com/colleges/renaissance-institute-of-management-and-technology-dehradun
494,https://hospitality.careers360.com/colleges/rig-institute-of-hospitality%C2%A0and-hotel%C2%A0management-bazpur
495,https://hospitality.careers360.com/colleges/trihari-institute-of-management-education-new-tehri
496,https://hospitality.careers360.com/colleges/universal-institute-of-hotel-management%C2%A0dehradun
497,https://hospitality.careers360.com/colleges/uihmt-college-of-hotel-management-and-tourism-dehradun
498,https://hospitality.careers360.com/colleges/jlu-school-of-hospitality-and-tourism-bhopal
499,https://hospitality.careers360.com/colleges/government-rajeev-gandhi-pg-college-mandsaur
500,https://hospitality.careers360.com/colleges/snehacharya-institute-of-management-and-technology-alappuzha
501,https://hospitality.careers360.com/colleges/ram-institute-of-hotel-management-dehradun
502,https://hospitality.careers360.com/colleges/chitkara-college-of-hotel-management%C2%A0and%C2%A0catering-jhansla
503,https://hospitality.careers360.com/colleges/aditya-degree-college-gajuwaka
504,https://hospitality.careers360.com/colleges/kakinada-sri-aditya-degree-college-srikakulam
505,https://hospitality.careers360.com/colleges/aditya-degree-college-womens-kakinada
506,https://hospitality.careers360.com/colleges/aditya-degree-college-womens-rajahmundry
507,https://hospitality.careers360.com/colleges/aditya-degree-college-palakollu
508,https://hospitality.careers360.com/colleges/aditya-degree-college-tadepalligudem
509,https://hospitality.careers360.com/colleges/aditya-degree-college-surampalem
510,https://hospitality.careers360.com/colleges/premiere-institute-of-hotel-management-jaleswar
511,https://hospitality.careers360.com/colleges/ecr-institute-of-management-studies-and-aviation-academy-udupi
512,https://hospitality.careers360.com/colleges/laxmi-memorial-college-of-hotel-management-mangalore
513,https://hospitality.careers360.com/colleges/moti-mahal-college-of-hotel-management-mangaluru
514,https://hospitality.careers360.com/colleges/srinivas-college-of-hotel-management-mangalore
515,https://hospitality.careers360.com/colleges/udupi-institute-of-hotel-and-tourism-science-udupi
516,https://hospitality.careers360.com/colleges/vijayalakshmi-institute-of-hospitality-sciences-mangalore
517,https://hospitality.careers360.com/colleges/bms-evening-college-of-engineering-bengaluru
518,https://hospitality.careers360.com/colleges/bet-college-of-management-and-science-bangalore
519,https://hospitality.careers360.com/colleges/chinmaya-institute-of-management-bangalore
520,https://hospitality.careers360.com/colleges/sjvp-college-autonomous-harihar
521,https://hospitality.careers360.com/colleges/kl-university-business-school-guntur
522,https://hospitality.careers360.com/colleges/international-institute-of-hotel-management-visakhapatnam
523,https://hospitality.careers360.com/colleges/dsms-college-of-tourism-and-management-durgapur
524,https://hospitality.careers360.com/colleges/george-college-sealdah
525,https://hospitality.careers360.com/colleges/nshm-college-of-management-and-technology-durgapur
526,https://hospitality.careers360.com/colleges/golden-regency-institute-of-hospitality-management-haldia
527,https://hospitality.careers360.com/colleges/kotibarsha-institute-of-technology-and-management-buniadpur
528,https://hospitality.careers360.com/colleges/nimas-kolkata
529,https://hospitality.careers360.com/colleges/gurukul-management-studies-kolkata
530,https://hospitality.careers360.com/colleges/dolphin-school-of-hotel-management-nadia
531,https://hospitality.careers360.com/colleges/rockvale-management-college-kalimpong
532,https://hospitality.careers360.com/colleges/institute-of-hotel-and-restaurant-management-kolkata
533,https://hospitality.careers360.com/colleges/institute-of-business-management-and-research-kolkata
534,https://hospitality.careers360.com/colleges/global-group-of-institutions-haldia
535,https://hospitality.careers360.com/colleges/contai-college-of-learning-and-management-science-purba-medinipur
536,https://hospitality.careers360.com/colleges/icl-institute-of-hotel-management-and-catering-technology-ambala
537,https://hospitality.careers360.com/colleges/swami-devi-dyal-institute-of-hotel-management-and-catering-technology-panchkula
538,https://hospitality.careers360.com/colleges/ganpati-institute-of-hotel-management-yamuna-nagar
539,https://hospitality.careers360.com/colleges/sheela-devi-institute-of-management-and-technology-faridabad
540,https://hospitality.careers360.com/colleges/institute-of-hotel-management%C2%A0catering-and-tourism-udaipur
541,https://hospitality.careers360.com/colleges/us-ostwal-institute-of-hotel-management-chittorgarh
542,https://hospitality.careers360.com/colleges/ep-odum-school-of-environmental-sciences-silchar
543,https://hospitality.careers360.com/colleges/government-college-for-women-faridabad
544,https://hospitality.careers360.com/colleges/ch-mani-ram-godara-government-college-for-women-bhodia-khera
545,https://hospitality.careers360.com/colleges/km-government-college-jind
546,https://hospitality.careers360.com/colleges/skvt-college-rajahmundry
547,https://hospitality.careers360.com/colleges/garden-city-college-of-science-and-management-studies-bangalore
548,https://hospitality.careers360.com/colleges/government-pg-college-berkhera
549,https://hospitality.careers360.com/colleges/swayam-siddhi-mitra-sanghs-degree-college-bhiwandi
550,https://hospitality.careers360.com/colleges/sister-nivedita-university-kolkata
551,https://hospitality.careers360.com/colleges/indian-school-of-hospitality-gurugram
