,0,1,2
0,https://design.careers360.com/colleges/vellore-institute-of-technology-vellore, 1,https://design.careers360.com//vellore-institute-of-technology-vellore/branches
1,https://design.careers360.com/colleges/srm-institute-of-science-and-technology-chennai, 1,https://design.careers360.com//colleges/srm-institute-of-science-and-technology-chennai/courses
2,https://design.careers360.com/colleges/jadavpur-university-kolkata, 2,https://design.careers360.com//colleges/jadavpur-university/courses
3,https://design.careers360.com/colleges/nirma-university-ahmedabad, 1,https://design.careers360.com//colleges/nirma-university-ahmedabad/courses
4,https://design.careers360.com/colleges/lovely-professional-university-phagwara,26,https://design.careers360.com//lovely-professional-university-faculty-engineering-kapurthala/branches
5,https://design.careers360.com/colleges/pes-university-bangalore, 2,https://design.careers360.com//pes-institute-technology-bangalore/branches
6,https://design.careers360.com/colleges/dhirubhai-ambani-institute-of-information-and-communication-technology-gandhinagar, 1,https://design.careers360.com//dhirubhai-ambani-institute-information-and-communication-technology-gandhinagar/branches
7,https://design.careers360.com/colleges/symbiosis-international-university-pune, 5,https://design.careers360.com//colleges/symbiosis-international-university-pune/courses
8,https://design.careers360.com/colleges/chandigarh-university-chandigarh, 5,https://design.careers360.com//chandigarh-university-faculty-engineering-chandigarh/branches
9,https://design.careers360.com/colleges/sharda-university-greater-noida, 3,https://design.careers360.com//school-business-studies-sharda-university-greater-noida/courses-offered
10,https://design.careers360.com/colleges/indian-institute-of-information-technology-design-and-manufacturing-jabalpur, 3,https://design.careers360.com//indian-institute-information-technology-design-and-manufacturing-jabalpur/branches
11,https://design.careers360.com/colleges/university-of-mumbai-mumbai, 5,https://design.careers360.com//colleges/university-of-mumbai-mumbai/courses
12,https://design.careers360.com/colleges/kurukshetra-university-kurukshetra, 3,https://design.careers360.com//colleges/kurukshetra-university-kurukshetra/courses
13,https://design.careers360.com/colleges/manipal-university-jaipur, 2,https://design.careers360.com//manipal-university-faculty-engineering-jaipur/branches
14,https://design.careers360.com/colleges/itm-university-gwalior, 6,https://design.careers360.com//school-engineering-and-technology-itm-university-gwalior/branches
15,https://design.careers360.com/colleges/dr-apj-abdul-kalam-technical-university-lucknow, 1,https://design.careers360.com//colleges/uttar-pradesh-technical-university-lucknow/courses
16,https://design.careers360.com/colleges/manipal-academy-of-higher-education-manipal, 5,https://design.careers360.com//colleges/manipal-university-manipal/courses
17,https://design.careers360.com/colleges/hindustan-institute-of-technology-and-science-chennai, 4,https://design.careers360.com//colleges/hindustan-institute-of-technology-and-science-chennai/courses
18,https://design.careers360.com/colleges/vel-tech-rangarajan-dr-sagunthala-r-and-d-institute-of-science-and-technology-chennai,01,https://design.careers360.com//vel-tech-rangarajan-dr-sagunthala-r-and-d-institute-of-science-and-technology-chennai/branches
19,https://design.careers360.com/colleges/national-institute-of-fashion-technology-delhi, 6,https://design.careers360.com//colleges/national-institute-of-fashion-technology-delhi/courses
20,https://design.careers360.com/colleges/dayalbagh-educational-institute-agra, 2,https://design.careers360.com//colleges/dayalbagh-educational-institute-agra/courses
21,https://design.careers360.com/colleges/cept-university-ahmedabad, 6,https://design.careers360.com//cept-university-faculty-technology-ahmedabad/branches
22,https://design.careers360.com/colleges/banasthali-vidyapith-banasthali, 3,https://design.careers360.com//colleges/banasthali-vidyapith-banasthali/courses
23,https://design.careers360.com/colleges/annamalai-university-annamalai-nagar,96,https://design.careers360.com//colleges/annamalai-university-annamalai-nagar/courses
24,https://design.careers360.com/colleges/ansal-university-gurgaon, 6,https://design.careers360.com//ansal-university-school-engineering-and-technology-gurgaon/branches
25,https://design.careers360.com/colleges/mody-university-sikar, 8,https://design.careers360.com//mody-institute-technology-and-science-sikar/branches
26,https://design.careers360.com/colleges/vivekananda-global-university-jaipur, 4,https://design.careers360.com//vivekananda-global-university-faculty-engineering-and-technology-jaipur/branches
27,https://design.careers360.com/colleges/gujarat-university-ahmedabad, 2,https://design.careers360.com//colleges/gujarat-university-ahmedabad/courses
28,https://design.careers360.com/animation-design/national-institute-design-ahmedabad,15,https://design.careers360.com//colleges/national-institute-of-design-ahmedabad/courses
29,https://design.careers360.com/colleges/nims-university-jaipur, 4,https://design.careers360.com//nims-university-institute-engineering-and-technology-jaipur/branches
30,https://design.careers360.com/colleges/mahatma-gandhi-university-kottayam, 8,https://design.careers360.com//colleges/mahatma-gandhi-university-kottayam/courses
31,https://design.careers360.com/colleges/chaudhary-charan-singh-haryana-agricultural-university-hisar,24,https://design.careers360.com//colleges/chaudhary-charan-singh-haryana-agricultural-university-hisar/courses
32,https://design.careers360.com/colleges/national-institute-of-fashion-technology-navi-mumbai, 5,https://design.careers360.com//colleges/national-institute-of-fashion-technology-navi-mumbai/courses
33,https://design.careers360.com/Commerce/St-Xaviers-College-Kolkata, 1,https://design.careers360.com//colleges/st-xaviers-college-kolkata/courses
34,https://design.careers360.com/colleges/national-institute-of-fashion-technology-bangalore, 6,https://design.careers360.com//colleges/national-institute-of-fashion-technology-bangalore/courses
35,https://design.careers360.com/colleges/ajeenkya-dy-patil-university-pune, 8,https://design.careers360.com//colleges/ajeenkya-dy-patil-university-pune/courses
36,https://design.careers360.com/colleges/noida-international-university-greater-noida, 1,https://design.careers360.com//school-engineering-and-technology-noida-international-university-greater-noida/branches
37,https://design.careers360.com/colleges/national-institute-of-fashion-technology-chennai, 6,https://design.careers360.com//colleges/national-institute-of-fashion-technology-chennai/courses
38,https://design.careers360.com/colleges/galaxy-global-group-of-institutions-ambala, 2,https://design.careers360.com//galaxy-global-educational-trust%E2%80%99s-group-institutions-faculty-engineering-and-technology-ambala/branches
39,https://design.careers360.com/colleges/symbiosis-institute-of-design-pune, 4,https://design.careers360.com//colleges/symbiosis-institute-of-design-pune/courses
40,https://design.careers360.com/colleges/national-institute-of-fashion-technology-gandhinagar, 3,https://design.careers360.com//colleges/national-institute-of-fashion-technology-gandhinagar/courses
41,https://design.careers360.com/colleges/avantika-university-ujjain, 4,https://design.careers360.com//colleges/avantika-university-ujjain/courses
42,https://design.careers360.com/colleges/national-institute-of-fashion-technology-kolkata, 5,https://design.careers360.com//colleges/national-institute-of-fashion-technology-kolkata/courses
43,https://design.careers360.com/colleges/university-of-mysore-mysore, 1,https://design.careers360.com//colleges/university-of-mysore-mysore/courses
44,https://design.careers360.com/colleges/national-institute-of-fashion-technology-kannur, 4,https://design.careers360.com//colleges/national-institute-of-fashion-technology-kannur/courses
45,https://design.careers360.com/colleges/national-institute-of-fashion-technology-jodhpur, 6,https://design.careers360.com//colleges/national-institute-of-fashion-technology-jodhpur/courses
46,https://design.careers360.com/colleges/national-institute-of-fashion-technology-hyderabad, 4,https://design.careers360.com//colleges/national-institute-of-fashion-technology-hyderabad/courses
47,https://design.careers360.com/colleges/national-institute-of-fashion-technology-patna, 3,https://design.careers360.com//colleges/national-institute-of-fashion-technology-patna/courses
48,https://design.careers360.com/colleges/sandip-university-nashik,23,https://design.careers360.com//colleges/sandip-university-nashik/courses
49,https://design.careers360.com/colleges/navrachana-university-vadodara, 1,https://design.careers360.com//navrachana-university-school-engineering-and-technology-vadodara/branches
50,https://design.careers360.com/colleges/visva-bharati-santiniketan, 2,https://design.careers360.com//colleges/visva-bharati-santinikaten/courses
51,https://design.careers360.com/colleges/gna-university-phagwara, 3,https://design.careers360.com//gna-institute-management-and-technology-phagwara/courses-offered
52,https://design.careers360.com/colleges/national-institute-of-fashion-technology-bhubaneswar, 3,https://design.careers360.com//colleges/national-institute-of-fashion-technology-bhubaneswar/courses
53,https://design.careers360.com/colleges/apeejay-stya-university-sohna,12,https://design.careers360.com//apeejay-stya-university-school-engineering-and-technology-gurgaon/branches
54,https://design.careers360.com/colleges/gurukul-vidyapeeth-institute-of-engineering-and-technology-patiala,49,https://design.careers360.com//gurukul-vidyapeeth-institute-engineering-and-technology-patiala/branches
55,https://design.careers360.com/colleges/sanskriti-university-mathura,sh,https://design.careers360.com//colleges/sanskriti-university-mathura/courses
56,https://design.careers360.com/colleges/jawaharlal-nehru-architecture-and-fine-arts-university-hyderabad, 4,https://design.careers360.com//jawaharlal-nehru-architecture-and-fine-arts-university-school-planning-and-architecture-hyderabad/branches
57,https://design.careers360.com/colleges/national-institute-of-fashion-technology-kangra, 3,https://design.careers360.com//colleges/national-institute-of-fashion-technology-kangra/courses
58,https://design.careers360.com/colleges/karpagam-academy-of-higher-education-coimbatore, 2,https://design.careers360.com//karpagam-university-faculty-engineering-coimbatore/branches
59,https://design.careers360.com/colleges/national-institute-of-fashion-technology-raebareli, 4,https://design.careers360.com//colleges/national-institute-of-fashion-technology-raebareli/courses
60,https://design.careers360.com/colleges/institute-of-home-economics-new-delhi, 1,https://design.careers360.com//colleges/institute-of-home-economics-new-delhi/courses
61,https://design.careers360.com/colleges/central-institute-of-technology-kokrajhar, 2,https://design.careers360.com//central-institute-technologykokrajhar/branches
62,https://design.careers360.com/colleges/national-institute-of-fashion-technology-shillong, 3,https://design.careers360.com//colleges/national-institute-of-fashion-technology-shillong/courses
63,https://design.careers360.com/Animation-Fashion/ITM-Institute-of-Fashion-Design-and-Technology-Mumbai, 8,https://design.careers360.com//colleges/itm-institute-of-fashion-design-and-technology-mumbai/courses
64,https://design.careers360.com/colleges/pearl-academy-new-delhi,17,https://design.careers360.com//colleges/pearl-academy-new-delhi/courses
65,https://design.careers360.com/colleges/national-institute-of-fashion-technology-srinagar, 2,https://design.careers360.com//colleges/national-institute-of-fashion-technology-srinagar/courses
66,https://design.careers360.com/colleges/swami-vivekanand-university-sagar,15,https://design.careers360.com//colleges/swami-vivekanand-university-sagar/courses
67,https://design.careers360.com/animation-design/school-fashion-technology-pune, 6,https://design.careers360.com//colleges/school-of-fashion-technology-pune/courses
68,https://design.careers360.com/colleges/national-institute-of-fashion-technology-bhopal, 1,https://design.careers360.com//colleges/national-institute-of-fashion-technology-bhopal/courses
69,https://design.careers360.com/colleges/garden-city-university-bangalore, 1,https://design.careers360.com//colleges/garden-city-college-bangalore/courses
70,https://design.careers360.com/colleges/chandigarh-group-of-colleges-jhanjeri, 1,https://design.careers360.com//cgc-technical-campus-faculty-engineering-jhanjeri%C2%A0campus-mohali/branches
71,https://design.careers360.com/colleges/amity-university-kolkata, 1,https://design.careers360.com//colleges/amity-university-kolkata/courses
72,https://design.careers360.com/galaxy-global-imperial-technical-campus-ambala, 2,https://design.careers360.com//galaxy-global-imperial-technical-campus-ambala/branches
73,https://design.careers360.com/colleges/mit-institute-of-design-pune,11,https://design.careers360.com//colleges/mit-institute-of-design-pune/courses
74,https://design.careers360.com/colleges/techno-global-university-shillong,10,https://design.careers360.com//techno-global-university-faculty-technology-shillong/branches
75,https://design.careers360.com/colleges/aks-university-satna, 1,https://design.careers360.com//colleges/aks-university-satna/courses
76,https://design.careers360.com/gs-mandals-marathwada-institute-technology-aurangabad, 1,https://design.careers360.com//gs-mandals-marathwada-institute-technology-aurangabad/branches
77,https://design.careers360.com/colleges/maharana-pratap-university-of-agriculture-and-technology-udaipur,an,https://design.careers360.com//colleges/maharana-pratap-university-of-agriculture-and-technology-udaipur/courses
78,https://design.careers360.com/colleges/j-d-birla-institute-kolkata, 3,https://design.careers360.com//colleges/j-d-birla-institute-kolkata/courses
79,https://design.careers360.com/colleges/birla-institute-of-technology-mesra-jaipur-campus, 2,https://design.careers360.com//colleges/birla-institute-of-technology-extension-centre-jaipur/courses
80,https://design.careers360.com/colleges/ct-university-ludhiana,ab,https://design.careers360.com//colleges/ct-university-ludhiana/courses
81,https://design.careers360.com/colleges/monad-university-hapur, 3,https://design.careers360.com//monad-university-faculty-engineering-and-technology-hapur/branches
82,https://design.careers360.com/colleges/mewar-university-chittorgarh, 3,https://design.careers360.com//mewar-university-faculty-engineering-and-technology-chittorgarh/branches
83,https://design.careers360.com/colleges/gandhigram-rural-institute-dindigul, 2,https://design.careers360.com//colleges/gandhigram-rural-institute-dindigul/courses
84,https://design.careers360.com/colleges/manipal-university-dubai, 3,https://design.careers360.com//colleges/manipal-university-dubai/courses
85,https://design.careers360.com/colleges/st-josephs-college-bangalore, 2,https://design.careers360.com//colleges/st-joseph-college-banglore/courses
86,https://design.careers360.com/colleges/premlila-vithaldas-polytechnic-mumbai, 3,https://design.careers360.com//colleges/premlila-vithaldas-polytechnic-mumbai/courses
87,https://design.careers360.com/arvindbhai-patel-institute-environmental-design-anand, 2,https://design.careers360.com//arvindbhai-patel-institute-environmental-design-anand/branches
88,https://design.careers360.com/Animation-Design/J-D-Institute-of-Fashion-Technology-Delhi, 8,https://design.careers360.com//colleges/jd-institute-of-fashion-technology-delhi/courses
89,https://design.careers360.com/colleges/priyadarshini-institute-of-architecture-and-design-studies-nagpur, 1,https://design.careers360.com//colleges/priyadarshini-institute-of-architecture-and-design-studies-nagpur/courses
90,https://design.careers360.com/colleges/maharaja-agrasen-university-solan, 1,https://design.careers360.com//colleges/maharaja-agrasen-university-solan/courses
91,https://design.careers360.com/colleges/marwari-college-ranchi, 1,https://design.careers360.com//colleges/marwari-college-ranchi/courses
92,https://design.careers360.com/colleges/global-open-university-dimapur,11,https://design.careers360.com//colleges/global-open-university-dimapur/courses
93,https://design.careers360.com/colleges/amity-school-of-fashion-technology-noida, 7,https://design.careers360.com//colleges/amity-school-of-fashion-technology-noida/courses
94,https://design.careers360.com/colleges/niilm-university-kaithal,13,https://design.careers360.com//niilm-university-faculty-engineering-kaithal/branches
95,https://design.careers360.com/colleges/dr-dy-patil-arts-commerce-and-science-college-pune, 1,https://design.careers360.com//colleges/dr-dy-patil-arts-commerce-and-science-college-pune/courses
96,https://design.careers360.com/colleges/international-institute-of-fashion-technology-new-delhi,11,https://design.careers360.com//colleges/international-institute-of-fashion-technology-new-delhi/courses
97,https://design.careers360.com/animation-design/vogue-institute-fashion-technology-bangalore,24,https://design.careers360.com//colleges/vogue-institute-of-fashion-technology-bangalore/courses
98,https://design.careers360.com/Animation-Design/Apeejay-Institute-of-Design-Delhi,31,https://design.careers360.com//colleges/apeejay-institute-of-design-delhi/courses
99,https://design.careers360.com/colleges/muthayammal-college-of-arts-and-science-namakkal, 2,https://design.careers360.com//colleges/muthayammal-college-of-arts-and-science-namakkal/courses
100,https://design.careers360.com/colleges/ms-ramaiah-polytechnic-bangalore, 1,https://design.careers360.com//colleges/ms-ramaiah-polytechnic-bangalore/courses
101,https://design.careers360.com/colleges/government-polytechnic-for-girls-ahmedabad, 1,https://design.careers360.com//colleges/government-polytechnic-for-girls-ahmedabad/courses
102,https://design.careers360.com/colleges/indian-academy-degree-college-bangalore, 1,https://design.careers360.com//colleges/indian-academy-degree-college-bangalore/courses
103,https://design.careers360.com/colleges/motiram-baburam-government-post-graduate-college-haldwani, 1,https://design.careers360.com//colleges/motiram-baburam-government-post-graduate-college-haldwani/courses
104,https://design.careers360.com/colleges/bhakta-kavi-narsinh-mehta-university-khadia, 2,https://design.careers360.com//colleges/bhakta-kavi-narsinh-mehta-university-khadia/courses
105,https://design.careers360.com/colleges/amity-university-ranchi, 1,https://design.careers360.com//colleges/amity-university-ranchi/courses
106,https://design.careers360.com/colleges/srishti-institute-of-art-design-and-technology-bangalore,18,https://design.careers360.com//colleges/srishti-institute-of-art-design-and-technology-bangalore/courses
107,https://design.careers360.com/colleges/icat-design-and-media-college-chennai,19,https://design.careers360.com//colleges/icat-design-and-media-college-chennai/courses
108,https://design.careers360.com/colleges/himalayan-university-itanagar, 2,https://design.careers360.com//colleges/himalayan-university-itanagar/courses
109,https://design.careers360.com/colleges/sacred-heart-college-kochi, 3,https://design.careers360.com//colleges/sacred-heart-college/courses
110,https://design.careers360.com/colleges/bangalore-city-college-bangalore, 1,https://design.careers360.com//colleges/bangalore-city-college-bangalore/courses
111,https://design.careers360.com/colleges/dayanand-sagar-college-of-arts-science-and-commerce-bangalore, 1,https://design.careers360.com//colleges/dayanand-sagar-college-of-arts-science-and-commerce-bangalore/courses
112,https://design.careers360.com/colleges/mahatma-gandhi-university-tura, 2,https://design.careers360.com//colleges/mahatama-gandhi-university-tura/courses
113,https://design.careers360.com/colleges/whistling-woods-international-mumbai, 1,https://design.careers360.com//colleges/whistling-woods-international-mumbai/courses
114,https://design.careers360.com/colleges/gateway-college-of-architecture-and-design-sonipat, 1,https://design.careers360.com//colleges/gateway-college-of-architecture-and-design-sonipat/courses
115,https://design.careers360.com/colleges/institute-for-design-of-electrical-measuring-instruments-mumbai, 1,https://design.careers360.com//colleges/institute-for-design-of-electrical-measuring-instruments-mumbai/courses
116,https://design.careers360.com/colleges/national-school-of-fashion-arts-and-design-bangalore, 3,https://design.careers360.com//colleges/national-school-of-fashion-arts-and-design-bangalore/courses
117,https://design.careers360.com/colleges/arihant-college-of-arts-commerce-and-science-pune, 1,https://design.careers360.com//colleges/arihant-college-of-arts-commerce-and-science-pune/courses
118,https://design.careers360.com/colleges/indian-school-of-business-management-and-administration-chennai, 1,https://design.careers360.com//colleges/indian-school-of-business-management-and-administration-chennai/courses
119,https://design.careers360.com/Animation-Design/International-Institute-of-Fashion-Design-Chandigarh, 2,https://design.careers360.com//colleges/international-institute-of-fashion-design-chandigarh/courses
120,https://design.careers360.com/colleges/birla-institute-of-technology-mesra-noida-campus, 2,https://design.careers360.com//colleges/birla-institute-of-technology-mesra-noida-campus/courses
121,https://design.careers360.com/colleges/international-women-polytechnic-janakpuri, 4,https://design.careers360.com//colleges/international-women-polytechnic-janakpuri/courses
122,https://design.careers360.com/colleges/av-parekh-technical-institute-rajkot, 1,https://design.careers360.com//colleges/av-parekh-technical-institute-rajkot/courses
123,https://design.careers360.com/colleges/state-university-of-performing-and-visual-arts-rohtak, 7,https://design.careers360.com//colleges/state-university-of-performing-and-visual-arts-rohtak/courses
124,https://design.careers360.com/colleges/rimt-university-gobindgarh, 8,https://design.careers360.com//colleges/rimt-university-gobindgarh/courses
125,https://design.careers360.com/colleges/industrial-design-centre-indian-institute-of-technology-mumbai, 7,https://design.careers360.com//colleges/industrial-design-centre-indian-institute-of-technology-mumbai/courses
126,https://design.careers360.com/colleges/pearl-academy-mumbai,19,https://design.careers360.com//colleges/pearl-academy-mumbai/courses
127,https://design.careers360.com/colleges/arch-academy-of-design-jaipur,15,https://design.careers360.com//colleges/arch-academy-of-design-jaipur/courses
128,https://design.careers360.com/parks-college-tirupur, 2,https://design.careers360.com//parks-college-tirupur/courses-offered
129,https://design.careers360.com/indian-institute-crafts-and-design-jaipur, 7,https://design.careers360.com//indian-institute-crafts-and-design-jaipur/courses-offered
130,https://design.careers360.com/colleges/lady-amritbai-daga-college-for-women-of-arts-science-and-commerce-and-smt-ratnidevi-purohit, 2,https://design.careers360.com//colleges/lady-amritbai-daga-college-for-women-of-arts-science-and-commerce-nagpur/courses
131,https://design.careers360.com/colleges/utkal-university-of-culture-bhubaneswar, 3,https://design.careers360.com//colleges/utkal-university-of-culture-bhubaneswar/courses
132,https://design.careers360.com/colleges/justice-basheer-ahmed-sayeed-college-for-women-chennai, 3,https://design.careers360.com//colleges/justice-basheer-ahmed-sayeed-college-for-women-chennai/courses
133,https://design.careers360.com/colleges/footwear-design-and-development-institute-noida, 6,https://design.careers360.com//colleges/footwear-design-and-development-institute-noida/courses
134,https://design.careers360.com/colleges/madhav-university-sirohi, 5,https://design.careers360.com//colleges/madhav-university-sirohi/courses
135,https://design.careers360.com/colleges/north-east-frontier-technical-university-west-siang, 1,https://design.careers360.com//colleges/north-east-frontier-technical-university-west-siang/courses
136,https://design.careers360.com/colleges/srinivas-university-mangalore, 1,https://design.careers360.com//colleges/srinivas-university-mangalore/courses
137,https://design.careers360.com/colleges/tolani-foundation-gandhidham-polytechnic-gandhidham, 1,https://design.careers360.com//colleges/tolani-foundation-gandhidham-polytechnic-adipur-gandhidham/courses
138,https://design.careers360.com/colleges/government-girls-polytechnic-lucknow, 2,https://design.careers360.com//colleges/government-girls-polytechnic-lucknow/courses
139,https://design.careers360.com/colleges/brainware-university-kolkata, 2,https://design.careers360.com//colleges/brainware-university-kolkata/courses
140,https://design.careers360.com/colleges/picasso-animation-college-bangalore, 8,https://design.careers360.com//colleges/picasso-animation-college-bangalore/courses
141,https://design.careers360.com/colleges/gd-goenka-school-of-fashion-and-design-gurgaon,16,https://design.careers360.com//colleges/gd-goenka-school-of-fashion-and-design-sohna/courses
142,https://design.careers360.com/colleges/instrument-design-development-centre-indian-institute-of-technology-delhi, 1,https://design.careers360.com//colleges/instrument-design-development-centre-indian-institute-of-technology-delhi/courses
143,https://design.careers360.com/colleges/jayoti-vidyapeeth-womens-university-jaipur,10,https://design.careers360.com//jayoti-vidyapeeth-womens-university-faculty-engineering-jaipur/branches
144,https://design.careers360.com/Animation-Fashion/Northern-India-Institute-of-Fashion-Technology-Mohali, 3,https://design.careers360.com//colleges/northern-india-institute-of-fashion-technology-mohali/courses
145,https://design.careers360.com/colleges/bonfire-institute-of-design-hyderabad, 5,https://design.careers360.com//colleges/bonfire-institute-of-design-hyderabad/courses
146,https://design.careers360.com/colleges/rani-birla-girls-college-kolkata, 1,https://design.careers360.com//colleges/rani-birla-girls-college-kolkata/courses
147,https://design.careers360.com/colleges/nirmala-college-of-information-technology-chalakudy, 2,https://design.careers360.com//colleges/nirmala-college-of-information-technology-chalakudy/courses
148,https://design.careers360.com/colleges/khalsa-college-for-women-amritsar, 3,https://design.careers360.com//colleges/khalsa-college-for-women-amritsar/courses
149,https://design.careers360.com/colleges/shri-kj-polytechnic-bharuch, 1,https://design.careers360.com//colleges/shri-kj-polytechnic-bharuch/courses
150,https://design.careers360.com/colleges/ls-raheja-school-of-architecture-mumbai, 2,https://design.careers360.com//colleges/ls-raheja-school-of-architecture-mumbai/courses
151,https://design.careers360.com/colleges/indian-institute-of-fashion-technology-bangalore, 5,https://design.careers360.com//colleges/indian-institute-of-fashion-technology-bangalore/courses
152,https://design.careers360.com/colleges/dsk-international-campus-pune, 6,https://design.careers360.com//colleges/dsk-international-campus-pune/courses
153,https://design.careers360.com/colleges/unitedworld-institute-of-design-ahmedabad,11,https://design.careers360.com//colleges/unitedworld-institute-of-design-ahmedabad/courses
154,https://design.careers360.com/colleges/jagannath-institute-of-management-sciences-rohini, 2,https://design.careers360.com//colleges/jagannath-institute-of-management-sciences-rohini/courses
155,https://design.careers360.com/colleges/amity-school-of-fine-arts-noida, 1,https://design.careers360.com//colleges/amity-school-of-fine-arts-noida/courses
156,https://design.careers360.com/colleges/shri-md-shah-mahila-college-of-arts-and-commerce-mumbai, 4,https://design.careers360.com//colleges/shri-md-shah-mahila-college-of-arts-and-commerce-mumbai/courses
157,https://design.careers360.com/colleges/government-home-science-college-chandigarh, 2,https://design.careers360.com//colleges/government-home-science-college-chandigarh/courses
158,https://design.careers360.com/colleges/sdps-womens-college-indore, 2,https://design.careers360.com//colleges/sdps-womens-college-indore/courses
159,https://design.careers360.com/colleges/yeldo-mar-baselios-college-kothamangalam, 4,https://design.careers360.com//colleges/yeldo-mar-baselios-college-kothamangalam/courses
160,https://design.careers360.com/colleges/loyola-academy-degree-and-pg-college-secunderabad, 1,https://design.careers360.com//colleges/loyola-academy-degree-and-pg-college-secunderabad/courses
161,https://design.careers360.com/colleges/footwear-design-and-development-institute-kolkata, 6,https://design.careers360.com//colleges/footwear-design-and-development-institute-kolkata/courses
162,https://design.careers360.com/colleges/kva-dav-college-for-women-karnal, 1,https://design.careers360.com//colleges/kva-dav-college-for-women-karnal/courses
163,https://design.careers360.com/colleges/asian-school-of-media-studies-noida, 1,https://design.careers360.com//colleges/asian-school-of-media-studies-noida/courses
164,https://design.careers360.com/colleges/dev-samaj-college-for-women-chandigarh, 1,https://design.careers360.com//colleges/dev-samaj-college-for-women-chandigarh/courses
165,https://design.careers360.com/colleges/devasya-polytechnic-hamirpur, 1,https://design.careers360.com//colleges/devasya-polytechnic-hamirpur/courses
166,https://design.careers360.com/colleges/government-polytechnic-for-women-chandigarh, 1,https://design.careers360.com//colleges/government-polytechnic-for-women-chandigarh/courses
167,https://design.careers360.com/colleges/government-girls-polytechnic-raipur, 2,https://design.careers360.com//colleges/government-girls-polytechnic-raipur/courses
168,https://design.careers360.com/colleges/government-womens-polytechnic-college-jabalpur, 1,https://design.careers360.com//colleges/government-womens-polytechnic-college-jabalpur/courses
169,https://design.careers360.com/colleges/indore-womens-polytechnic-college-indore, 1,https://design.careers360.com//colleges/indore-womens-polytechnic-college-indore/courses
170,https://design.careers360.com/colleges/government-womens-polytechnic-college-bhopal, 1,https://design.careers360.com//colleges/government-womens-polytechnic-college-bhopal/courses
171,https://design.careers360.com/colleges/government-womens-polytechnic-college-jaipur, 4,https://design.careers360.com//colleges/government-womens-polytechnic-college-jaipur/courses
172,https://design.careers360.com/colleges/government-polytechnic-uttarkashi, 2,https://design.careers360.com//colleges/government-polytechnic-uttarkashi/courses
173,https://design.careers360.com/colleges/government-girls-polytechnic-sudhowala, 1,https://design.careers360.com//colleges/government-girls-polytechnic-sudhowala/courses
174,https://design.careers360.com/colleges/anant-national-university-ahmedabad, 1,https://design.careers360.com//colleges/anant-institute-of-architecture-ahmedabad/courses
175,https://design.careers360.com/colleges/thiru-vi-ka-government-arts-college-thiruvarur, 1,https://design.careers360.com//colleges/thiru-vi-ka-government-arts-college-thiruvarur/courses
176,https://design.careers360.com/colleges/popes-college-sawyerpuram, 1,https://design.careers360.com//colleges/popes-college-sawyerpuram/courses
177,https://design.careers360.com/colleges/assumption-college-kottayam, 1,https://design.careers360.com//colleges/assumption-college-kottayam/courses
178,https://design.careers360.com/colleges/college-khanna, 1,https://design.careers360.com//colleges/college-khanna/courses
179,https://design.careers360.com/colleges/mes-college-of-arts-and-science-chathamangalam, 1,https://design.careers360.com//colleges/mes-college-of-arts-and-science-chathamangalam/courses
180,https://design.careers360.com/colleges/bharath-college-of-science-and-management-thanjavur, 3,https://design.careers360.com//colleges/bharath-college-of-science-and-management-thanjavur/courses
181,https://design.careers360.com/colleges/satyajit-ray-film-and-television-institute-kolkata, 1,https://design.careers360.com//colleges/satyajit-ray-film-and-television-institute-kolkata/courses
182,https://design.careers360.com/colleges/isbm-university-gariyaband, 6,https://design.careers360.com//colleges/isbm-university-gariyaband/courses
183,https://design.careers360.com/colleges/shri-govind-guru-university-godhra, 1,https://design.careers360.com//colleges/shri-govind-guru-university-godhra/courses
184,https://design.careers360.com/colleges/jd-institute-of-fashion-technology-lucknow, 8,https://design.careers360.com//colleges/jd-institute-of-fashion-technology-lucknow/courses
185,https://design.careers360.com/colleges/st-brittos-college-chennai, 2,https://design.careers360.com//colleges/st-brittos-college-chennai/courses
186,https://design.careers360.com/colleges/film-and-television-institute-of-india-pune, 7,https://design.careers360.com//colleges/film-and-television-institute-of-india-pune/courses
187,https://design.careers360.com/colleges/polytechnic-for-women-new-delhi, 7,https://design.careers360.com//colleges/polytechnic-for-women-new-delhi/courses
188,https://design.careers360.com/colleges/pearl-academy-jaipur, 5,https://design.careers360.com//colleges/pearl-academy-jaipur/courses
189,https://design.careers360.com/colleges/government-polytechnic-college-vandiperiyar, 1,https://design.careers360.com//colleges/government-polytechnic-college-vandiperiyar/courses
190,https://design.careers360.com/colleges/royal-global-university-guwahati, 8,https://design.careers360.com//colleges/royal-global-university-guwahati/courses
191,https://design.careers360.com/colleges/nirmala-college-of-arts-and-science-thrissur, 3,https://design.careers360.com//colleges/nirmala-college-of-arts-and-science-thrissur/courses
192,https://design.careers360.com/colleges/northern-india-institute-of-fashion-technology-jalandhar, 3,https://design.careers360.com//colleges/northern-india-institute-of-fashion-technology-jalandhar/courses
193,https://design.careers360.com/colleges/aditya-degree-college-eluru, 1,https://design.careers360.com//colleges/aditya-degree-college-eluru/courses
194,https://design.careers360.com/colleges/kanya-maha-vidyalaya-jalandhar, 6,https://design.careers360.com//colleges/kanya-maha-vidyalaya-jalandhar/courses
195,https://design.careers360.com/colleges/international-institute-of-fashion-design-kolkata, 1,https://design.careers360.com//colleges/international-institute-of-fashion-design-kolkata/courses
196,https://design.careers360.com/colleges/vlb-janakiammal-college-of-arts-and-science-coimbatore, 1,https://design.careers360.com//colleges/vlb-janakiammal-college-of-arts-and-science-coimbatore/courses
197,https://design.careers360.com/colleges/jkk-nattraja-college-of-arts-and-science-komarapalayam, 1,https://design.careers360.com//colleges/jkk-nattraja-college-of-arts-and-science-komarapalayam/courses
198,https://design.careers360.com/colleges/sardar-patel-mahavidyalaya-chandrapur, 2,https://design.careers360.com//colleges/sardar-patel-mahavidyalaya-chandrapur/courses
199,https://design.careers360.com/colleges/institute-of-design-environment-and-architecture-nashik, 2,https://design.careers360.com//colleges/institute-of-design-environment-and-architecture-nashik/courses
200,https://design.careers360.com/colleges/kamla-nehru-college-for-women-phagwara, 3,https://design.careers360.com//colleges/kamla-nehru-college-for-women-phagwara/courses
201,https://design.careers360.com/colleges/hans-raj-mahila-maha-vidyalaya-jalandhar, 7,https://design.careers360.com//colleges/hans-raj-mahila-maha-vidyala-jalandhar/courses
202,https://design.careers360.com/colleges/inifd-deccan-pune, 3,https://design.careers360.com//colleges/inifd-deccan-pune/courses
203,https://design.careers360.com/colleges/sd-pg-college-panipat, 1,https://design.careers360.com//colleges/sd-pg-college-panipat/courses
204,https://design.careers360.com/colleges/apex-professional-university-pasighat,16,https://design.careers360.com//colleges/apex-professional-university-pasighat/courses
205,https://design.careers360.com/colleges/jd-institute-of-fashion-technology-bangalore, 8,https://design.careers360.com//colleges/jd-institute-of-fashion-technology-bangalore/courses
206,https://design.careers360.com/colleges/surajmal-agarwal-pvt-kanya-mahavidyalaya-kichha, 1,https://design.careers360.com//colleges/surajmal-agarwal-pvt-kanya-mahavidyalaya-kichha/courses
207,https://design.careers360.com/colleges/mats-school-of-information-technology-raipur, 1,https://design.careers360.com//colleges/mats-school-of-information-technology-raipur/courses
208,https://design.careers360.com/colleges/santhigiri-college-idukki, 1,https://design.careers360.com//colleges/santhigiri-college-idukki/courses
209,https://design.careers360.com/colleges/government-polytechnic-nashik, 2,https://design.careers360.com//colleges/government-polytechnic-nashik/courses
210,https://design.careers360.com/colleges/gomatesh-polytechnic-belgaum,58,https://design.careers360.com//colleges/gomatesh-polytechnic-belgaum/courses
211,https://design.careers360.com/colleges/government-residential-womens-polytechnic-college-yavatmal, 1,https://design.careers360.com//colleges/government-residential-womens-polytechnic-college-yavatmal/courses
212,https://design.careers360.com/colleges/government-residence-women-polytechnic-tasgaon, 1,https://design.careers360.com//colleges/government-residence-women-polytechnic-tasgaon/courses
213,https://design.careers360.com/colleges/government-womens-polytechnic-college-kozhikode, 1,https://design.careers360.com//colleges/womens-polytechnic-college-kozhikode/courses
214,https://design.careers360.com/colleges/siga-polytechnic-college-chennai, 3,https://design.careers360.com//colleges/siga-polytechnic-college-chennai/courses
215,https://design.careers360.com/colleges/government-polytechnic-beronkhal-pauri-garhwal, 2,https://design.careers360.com//colleges/government-polytechnic-beronkhal-pauri-garhwal/courses
216,https://design.careers360.com/colleges/government-polytechnic-sahiya, 1,https://design.careers360.com//colleges/government-polytechnic-sahiya/courses
217,https://design.careers360.com/colleges/general-shivdev-singh-diwan-gurbachan-singh-khalsa-college-patiala, 1,https://design.careers360.com//colleges/general-shivdev-singh-diwan-gurbachan-singh-khalsa-college-patiala/courses
218,https://design.careers360.com/colleges/sri-vijay-vidyalaya-college-of-arts-and-science-dharmapuri, 1,https://design.careers360.com//colleges/sri-vijay-vidyalaya-college-of-arts-and-science-women-dharmapuri/courses
219,https://design.careers360.com/colleges/holy-cross-institute-of-management-and-technology-calicut, 3,https://design.careers360.com//colleges/holy-cross-institute-of-management-and-technology-calicut/courses
220,https://design.careers360.com/colleges/ajmvp-new-arts-commerce-and-science-college-ahmednagar, 1,https://design.careers360.com//colleges/ajmvp-new-arts-commerce-and-science-college-ahmednagar/courses
221,https://design.careers360.com/colleges/guru-nanak-dev-university-college-narot-jaimal-singh, 1,https://design.careers360.com//colleges/guru-nanak-dev-university-college-narot-jaimal-singh/courses
222,https://design.careers360.com/colleges/bharathidasan-college-of-arts-and-science-erode, 3,https://design.careers360.com//colleges/bharathidasan-college-of-arts-and-science-erode/courses
223,https://design.careers360.com/colleges/shantaben-manubhai-patel-school-of-studies-and-research-in-architecture-and-interior-design, 1,https://design.careers360.com//colleges/shantaben-manubhai-patel-school-of-studies-and-research-in-architecture-and-interior-design-anand/courses
224,https://design.careers360.com/colleges/delhi-school-of-architecture-and-design-delhi, 3,https://design.careers360.com//colleges/delhi-school-of-architecture-and-design-delhi/courses
225,https://design.careers360.com/colleges/karnataka-chitrakala-parishath-college-of-fine-arts-bangalore, 1,https://design.careers360.com//colleges/karnataka-chitrakala-parishath-college-of-fine-arts-bangalore/courses
226,https://design.careers360.com/colleges/maharishi-arvind-university-jaipur, 3,https://design.careers360.com//colleges/maharishi-arvind-university-jaipur/courses
227,https://design.careers360.com/colleges/jd-institute-of-fashion-technology-cochin, 8,https://design.careers360.com//colleges/jd-institute-of-fashion-technology-cochin/courses
228,https://design.careers360.com/colleges/jd-institute-of-fashion-technology-kanpur, 8,https://design.careers360.com//colleges/jd-institute-of-fashion-technology-kanpur/courses
229,https://design.careers360.com/colleges/jd-institute-of-fashion-technology-noida, 8,https://design.careers360.com//colleges/jd-institute-of-fashion-technology-noida/courses
230,https://design.careers360.com/colleges/jd-institute-of-fashion-technology-siliguri, 8,https://design.careers360.com//colleges/jd-institute-of-fashion-technology-siliguri/courses
231,https://design.careers360.com/colleges/jd-institute-of-fashion-technology-varanasi, 7,https://design.careers360.com//colleges/jd-institute-of-fashion-technology-varanasi/courses
232,https://design.careers360.com/colleges/hamstech-institute-of-fashion-and-interior-design-himayatnagar, 7,https://design.careers360.com//colleges/hamstech-institute-of-fashion-and-interior-design-himayatnagar/courses
233,https://design.careers360.com/colleges/digiquest-academy-hyderabad, 8,https://design.careers360.com//colleges/digiquest-academy-hyderabad/courses
234,https://design.careers360.com/colleges/annapurna-international-school-of-film-and-media-hyderabad, 7,https://design.careers360.com//colleges/annapurna-international-school-of-film-and-media-hyderabad/courses
235,https://design.careers360.com/colleges/government-mh-college-of-home-science-and-science-for-women-jabalpur, 2,https://design.careers360.com//colleges/government-mh-college-of-home-science-and-science-for-women-jabalpur/courses
236,https://design.careers360.com/colleges/sdp-college-for-women-ludhiana, 1,https://design.careers360.com//colleges/sdp-college-for-women-ludhiana/courses
237,https://design.careers360.com/colleges/government-polytechnic-for-women-faridabad, 1,https://design.careers360.com//colleges/government-polytechnic-for-women-faridabad/courses
238,https://design.careers360.com/colleges/pacific-institute-of-fashion-technology-udaipur,15,https://design.careers360.com//colleges/pacific-institute-of-fashion-technology-udaipur/courses
239,https://design.careers360.com/colleges/prahlad-kakar-school-of-branding-and-entrepreneurship-mumbai, 1,https://design.careers360.com//colleges/prahlad-kakar-school-of-branding-and-entrepreneurship-mumbai/courses
240,https://design.careers360.com/colleges/international-polytechnic-for-women-new-delhi, 2,https://design.careers360.com//colleges/international-polytechnic-for-women-new-delhi/courses
241,https://design.careers360.com/colleges/ct-institute-of-higher-studies-jalandhar, 1,https://design.careers360.com//colleges/ct-institute-of-higher-studies-jalandhar/courses
242,https://design.careers360.com/colleges/pp-savani-university-surat, 1,https://design.careers360.com//colleges/pp-savani-university-surat/courses
243,https://design.careers360.com/colleges/shanti-tara-girls-college-sangrur, 1,https://design.careers360.com//colleges/shanti-tara-girls-college-sangrur/courses
244,https://design.careers360.com/colleges/northern-india-institute-of-fashion-technology-ludhiana, 2,https://design.careers360.com//colleges/northern-india-institute-of-fashion-technology-ludhiana/courses
245,https://design.careers360.com/colleges/pannu-college-for-women-gurdaspur, 1,https://design.careers360.com//colleges/pannu-college-for-women-gurdaspur/courses
246,https://design.careers360.com/colleges/imperial-institute-of-management-and-technology-haldwani, 1,https://design.careers360.com//colleges/imperial-institute-of-management-and-technology-haldwani/courses
247,https://design.careers360.com/colleges/aditya-degree-college-vizianagaram, 1,https://design.careers360.com//colleges/aditya-degree-college-vizianagaram/courses
248,https://design.careers360.com/colleges/aditya-degree-college-bhimavaram, 1,https://design.careers360.com//colleges/aditya-degree-college-bhimavaram/courses
249,https://design.careers360.com/colleges/subharti-college-of-fine-art-and-fashion-design-meerut,10,https://design.careers360.com//colleges/subharti-college-of-fine-art-and-fashion-design-meerut/courses
250,https://design.careers360.com/colleges/animaster-academy-bengaluru, 7,https://design.careers360.com//colleges/animaster-academy-bengaluru/courses
251,https://design.careers360.com/colleges/world-university-of-design-sonipat,23,https://design.careers360.com//colleges/world-university-of-design-sonipat/courses
252,https://design.careers360.com/colleges/karnavati-university-gandhinagar, 8,https://design.careers360.com//colleges/karnavati-university-gandhinagar/courses
253,https://design.careers360.com/colleges/teerthanker-mahaveer-college-of-computing-sciences-and-information-technology-moradabad, 1,https://design.careers360.com//colleges/teerthanker-mahaveer-college-of-computing-sciences-and-information-technology-moradabad/courses
254,https://design.careers360.com/colleges/school-of-design-svkms-narsee-monjee-institute-of-management-studies-mumbai, 1,https://design.careers360.com//colleges/school-of-design-svkm%E2%80%99s-narsee-monjee-institute-of-management-studies-mumbai/courses
255,https://design.careers360.com/colleges/satyam-fashion-institute-noida, 4,https://design.careers360.com//colleges/satyam-fashion-institute-noida/courses
256,https://design.careers360.com/colleges/government-arts-college-tiruchirappalli, 2,https://design.careers360.com//colleges/government-arts-college-tiruchirappalli/courses
257,https://design.careers360.com/colleges/nadar-saraswathi-college-of-arts-and-science-theni, 1,https://design.careers360.com//colleges/nadar-saraswathi-college-of-arts-and-science-theni/courses
258,https://design.careers360.com/colleges/indian-institute-of-art-and-design-new-delhi, 3,https://design.careers360.com//colleges/indian-institute-of-art-and-design-new-delhi/courses
259,https://design.careers360.com/colleges/national-institute-of-design-vijayawada, 1,https://design.careers360.com//colleges/national-institute-of-design-vijaywada/courses
260,https://design.careers360.com/colleges/d-j-academy-of-design-coimbatore, 4,https://design.careers360.com//colleges/d-j-academy-of-design-coimbatore/courses
261,https://design.careers360.com/colleges/arunachal-university-of-studies-namsai, 1,https://design.careers360.com//colleges/arunachal-university-of-studies-namsai/courses
262,https://design.careers360.com/colleges/army-institute-of-fashion-and-design-bangalore, 2,https://design.careers360.com//colleges/army-institute-of-fashion-and-design-bangalore/courses
263,https://design.careers360.com/colleges/dev-samaj-college-for-women-ferozepur, 2,https://design.careers360.com//colleges/dev-samaj-college-for-women-ferozepur/courses
264,https://design.careers360.com/colleges/shahzada-nand-college-amritsar, 1,https://design.careers360.com//colleges/shahzada-nand-college-amritsar/courses
265,https://design.careers360.com/colleges/government-polytechnic-for-women-srinagar,70,https://design.careers360.com//colleges/government-polytechnic-for-women-srinagar/courses
266,https://design.careers360.com/colleges/minimata-government-girls-polytechnic-rajnandgaon, 1,https://design.careers360.com//colleges/minimata-government-girls-polytechnic-rajnandgaon/courses
267,https://design.careers360.com/colleges/government-girls-polytechnic-jagdalpur, 1,https://design.careers360.com//colleges/government-girls-polytechnic-jagdalpur/courses
268,https://design.careers360.com/colleges/government-polytechnic-himmatnagar, 1,https://design.careers360.com//colleges/government-polytechnic-himmatnagar/courses
269,https://design.careers360.com/colleges/farooqia-womens-polytechnic-mysore,14,https://design.careers360.com//colleges/farooqia-womens-polytechnic-mysore/courses
270,https://design.careers360.com/colleges/srs-government-polytechnic-college-for-girls-ludhiana, 1,https://design.careers360.com//colleges/srs-government-polytechnic-college-for-girls-ludhiana/courses
271,https://design.careers360.com/colleges/government-polytechnic-hisar, 1,https://design.careers360.com//colleges/government-polytechnic-hisar/courses
272,https://design.careers360.com/colleges/elumalai-polytechnic-college-villupuram, 1,https://design.careers360.com//colleges/elumalai-polytechnic-college-villupuram/courses
273,https://design.careers360.com/colleges/government-residential-womens-polytechnic-college-jodhpur, 3,https://design.careers360.com//colleges/govrnment-residential-women-polytechnic-college-jodhpur/courses
274,https://design.careers360.com/colleges/kalol-institute-of-architecture-and-design-kalol, 1,https://design.careers360.com//colleges/kalol-institute-of-architecture-and-design-kalol/courses
275,https://design.careers360.com/colleges/guru-gobind-singh-college-barnala, 1,https://design.careers360.com//colleges/guru-gobind-singh-college-barnala/courses
276,https://design.careers360.com/colleges/marudupandiyar-institutions-thanjavur, 1,https://design.careers360.com//colleges/marudupandiyar-institutions-thanjavur/courses
277,https://design.careers360.com/colleges/pavendar-bharathidasan-college-of-arts-and-science-tiruchirappalli,45,https://design.careers360.com//colleges/pavendar-bharathidasan-college-of-arts-and-science-tiruchirappalli/courses
278,https://design.careers360.com/colleges/womens-christian-college-nagercoil, 1,https://design.careers360.com//colleges/womens-christian-college-nagercoil/courses
279,https://design.careers360.com/colleges/college-of-non-conventional-vocational-courses-for-women-kolhapur, 3,https://design.careers360.com//colleges/college-of-non-conventional-vocational-courses-for-women-kolhapur/courses
280,https://design.careers360.com/colleges/kalaprabodhinis-institute-of-design-kolhapur, 5,https://design.careers360.com//colleges/kalaprabodhini%E2%80%99s-institute-of-design-kolhapur/courses
281,https://design.careers360.com/colleges/deccan-institute-of-technology-kolhapur, 2,https://design.careers360.com//colleges/deccan-institute-of-technology-kolhapur/courses
282,https://design.careers360.com/colleges/samajbhushan-ganpatrao-kalbhor-arts-commerce-and-science-college-pune, 1,https://design.careers360.com//colleges/samajbhushan-ganpatrao-kalbhor-arts-commerce-and-science-college-pune/courses
283,https://design.careers360.com/colleges/shardabai-pawar-mahila-mahavidyalaya-pune, 1,https://design.careers360.com//colleges/shardabai-pawar-mahila-mahavidyalaya-pune/courses
284,https://design.careers360.com/colleges/college-of-architecture-and-centre-for-design-nashik, 4,https://design.careers360.com//colleges/college-of-architecture-and-centre-for-design-nashik/courses
285,https://design.careers360.com/colleges/navnirman-college-of-arts-commerce-and-science-ratnagiri,ra,https://design.careers360.com//colleges/navnirman-college-of-arts-commerce-and-science-ratnagiri/courses
286,https://design.careers360.com/colleges/rani-bhagyawati-devi-mahila-mahavidyalaya-bijnor, 2,https://design.careers360.com//colleges/rani-bhagyawati-devi-mahila-mahavidyalaya-bijnor/courses
287,https://design.careers360.com/colleges/lyallpur-khalsa-college-for-women-jalandhar, 4,https://design.careers360.com//colleges/lyallpur-khalsa-college-for-women-jalandhar/courses
288,https://design.careers360.com/colleges/dau-dayal-mahila-pg-college-firozabad, 1,https://design.careers360.com//colleges/dau-dayal-mahila-pg-college-firozabad/courses
289,https://design.careers360.com/colleges/mdsd-girls-college-ambala, 1,https://design.careers360.com//colleges/mdsd-girls-college-ambala/courses
290,https://design.careers360.com/colleges/rr-bawa-dav-college-for-girls-batala, 4,https://design.careers360.com//colleges/rr-bawa-dav-college-for-girls-batala/courses
291,https://design.careers360.com/colleges/shanti-devi-arya-mahila-college-dina-nagar, 4,https://design.careers360.com//colleges/shanti-devi-arya-mahila-college-dina-nagar/courses
292,https://design.careers360.com/colleges/banarsi-dass-arya-girls-college-jalandhar, 3,https://design.careers360.com//colleges/banarsi-dass-arya-girls-college-jalandhar/courses
293,https://design.careers360.com/colleges/hindu-kanya-college-kapurthala, 2,https://design.careers360.com//colleges/hindu-kanya-college-kapurthala/courses
294,https://design.careers360.com/colleges/amardeep-singh-shergill-memorial-college-mukandpur, 1,https://design.careers360.com//colleges/amardeep-singh-shergill-memorial-college-mukandpur/courses
295,https://design.careers360.com/colleges/sikh-national-college-sbs-nagar, 1,https://design.careers360.com//colleges/sikh-national-college-sbs-nagar/courses
296,https://design.careers360.com/colleges/nazira-college-sivasagar, 1,https://design.careers360.com//colleges/nazira-college-sivasagar/courses
297,https://design.careers360.com/colleges/kles-institute-of-fashion-technology-and-apparel-design-womens-college-belgaum, 1,https://design.careers360.com//colleges/kles-institute-of-fashion-technology-and-apparel-design-womens-college-belgaum/courses
298,https://design.careers360.com/colleges/sharada-college-mangalore, 1,https://design.careers360.com//colleges/sharada-college-mangalore/courses
299,https://design.careers360.com/colleges/mata-ganga-girls-college-tarn-taran, 1,https://design.careers360.com//colleges/mata-ganga-girls-college-tarn-taran/courses
300,https://design.careers360.com/colleges/mata-sundri-girls-college-bathinda, 2,https://design.careers360.com//colleges/mata-sundri-group-of-institution-bathinda/courses
301,https://design.careers360.com/colleges/sd-mahila-mahavidyalaya-narwana, 1,https://design.careers360.com//colleges/sd-mahila-mahavidyalaya-narwana/courses
302,https://design.careers360.com/colleges/swami-swatantranand-memorial-college-gurdaspur, 1,https://design.careers360.com//colleges/swami-swatantranand-memorial-college-gurdaspur/courses
303,https://design.careers360.com/colleges/sant-hira-dass-kanya-mahavidyalaya-kapurthala, 2,https://design.careers360.com//colleges/sant-hira-dass-kanya-mahavidyalaya-kapurthala/courses
304,https://design.careers360.com/colleges/dr-ram-manohar-lohia-institutions-college-of-bioscience-and-technology-aurangabad, 1,https://design.careers360.com//colleges/dr-ram-manohar-lohia-institutions-college-of-bioscience-and-technology-aurangabad/courses
305,https://design.careers360.com/colleges/guru-nanak-college-for-women-banga, 4,https://design.careers360.com//colleges/guru-nanak-college-for-women-banga/courses
306,https://design.careers360.com/colleges/government-girls-college-itarsi, 1,https://design.careers360.com//colleges/government-girls-college-itarsi/courses
307,https://design.careers360.com/colleges/blm-girls-college-nawanshahr, 2,https://design.careers360.com//colleges/blm-girls-college-nawanshahr/courses
308,https://design.careers360.com/colleges/shree-devi-college-of-fashion-design-mangalore, 2,https://design.careers360.com//colleges/shree-devi-college-of-fashion-design-mangalore/courses
309,https://design.careers360.com/colleges/arya-kanya-mahavidyalaya-kurukshetra, 5,https://design.careers360.com//colleges/arya-kanya-mahavidyalya-kurukshetra/courses
310,https://design.careers360.com/colleges/manohar-memorial-pg-college-fatehabad, 1,https://design.careers360.com//colleges/manohar-memorial-pg-college-fatehabad/courses
311,https://design.careers360.com/colleges/pcm-sd-college-for-women-jalandhar,10,https://design.careers360.com//colleges/pcm-sd-college-for-women-jalandhar/courses
312,https://design.careers360.com/colleges/international-institute-of-fine-arts-modinagar, 8,https://design.careers360.com//colleges/international-institute-of-fine-arts-modinagar/courses
313,https://design.careers360.com/colleges/md-college-of-polytechnic-panipat, 1,https://design.careers360.com//colleges/md-college-of-polytechnic-panipat/courses
314,https://design.careers360.com/colleges/shakambhari-institute-of-higher-education-and-technology-roorkee,92,https://design.careers360.com//colleges/shakambhari-institute-of-higher-education-and-technolog-roorkee/courses
315,https://design.careers360.com/colleges/lala-jagat-narayan-himotkarsh-kanya-mahavidyalya-una, 1,https://design.careers360.com//colleges/lala-jagat-narayan-himotkarsh-kanya-mahavidyalya-una/courses
316,https://design.careers360.com/colleges/pk-university-shivpuri, 1,https://design.careers360.com//colleges/pk-university-shivpuri/courses
317,https://design.careers360.com/colleges/assam-womens-university-jorhat, 1,https://design.careers360.com//colleges/assam-womens-university-jorhat/courses
318,https://design.careers360.com/colleges/jd-institute-of-fashion-technology-bhubaneswar, 8,https://design.careers360.com//colleges/jd-institute-of-fashion-technology-bhubaneswar/courses
319,https://design.careers360.com/colleges/jd-institute-of-fashion-technology-dibrugarh, 8,https://design.careers360.com//colleges/jd-institute-of-fashion-technology-dibrugarh/courses
320,https://design.careers360.com/colleges/jd-institute-of-fashion-technology-gurgaon, 8,https://design.careers360.com//colleges/jd-institute-of-fashion-technology-gurgaon/courses
321,https://design.careers360.com/colleges/jd-institute-of-fashion-technology-guwahati, 8,https://design.careers360.com//colleges/jd-institute-of-fashion-technology-guwahati/courses
322,https://design.careers360.com/colleges/jd-institute-of-fashion-technology-gwalior, 8,https://design.careers360.com//colleges/jd-institute-of-fashion-technology-gwalior/courses
323,https://design.careers360.com/colleges/jd-institute-of-fashion-technology-indore, 8,https://design.careers360.com//colleges/jd-institute-of-fashion-technology-indore/courses
324,https://design.careers360.com/colleges/jd-institute-of-fashion-technology-jammu, 8,https://design.careers360.com//colleges/jd-institute-of-fashion-technology-jammu/courses
325,https://design.careers360.com/colleges/jd-institute-of-fashion-technology-jodhpur, 8,https://design.careers360.com//colleges/jd-institute-of-fashion-technology-jodhpur/courses
326,https://design.careers360.com/colleges/jd-institute-of-fashion-technology-meerut, 8,https://design.careers360.com//colleges/jd-institute-of-fashion-technology-meerut/courses
327,https://design.careers360.com/colleges/jd-institute-of-fashion-technology-patna, 8,https://design.careers360.com//colleges/jd-institute-of-fashion-technology-patna/courses
328,https://design.careers360.com/colleges/jd-institute-of-fashion-technology-pathankot, 8,https://design.careers360.com//colleges/jd-institute-of-fashion-technology-pathankot/courses
329,https://design.careers360.com/colleges/jd-institute-of-fashion-technology-raipur, 8,https://design.careers360.com//colleges/jd-institute-of-fashion-technology-raipur/courses
330,https://design.careers360.com/colleges/jd-institute-of-fashion-technology-surat, 7,https://design.careers360.com//colleges/jd-institute-of-fashion-technology-surat/courses
331,https://design.careers360.com/colleges/jd-institute-of-fashion-technology-vadodara, 7,https://design.careers360.com//colleges/jd-institute-of-fashion-technology-vadodara/courses
332,https://design.careers360.com/colleges/jd-institute-of-fashion-technology-visakhapatnam, 7,https://design.careers360.com//colleges/jd-institute-of-fashion-technology-visakhapatnam/courses
333,https://design.careers360.com/colleges/jd-institute-of-fashion-technology-navi-mumbai, 7,https://design.careers360.com//colleges/jd-institute-of-fashion-technology-navi-mumbai/courses
334,https://design.careers360.com/colleges/jd-institute-of-fashion-technology-thane, 7,https://design.careers360.com//colleges/jd-institute-of-fashion-technology-thane/courses
335,https://design.careers360.com/colleges/kothari-college-of-management-science-and-technology-indore,19,https://design.careers360.com//colleges/kothari-college-of-management-science-and-technology-indore/courses
336,https://design.careers360.com/colleges/anibrain-school-of-media-design-pune, 2,https://design.careers360.com//colleges/anibrain-school-of-media-design-pune/courses
337,https://design.careers360.com/colleges/frameboxx-animation-and-visual-effects-mumbai, 3,https://design.careers360.com//colleges/frameboxx-animation-visual-effects-mumbai/courses
338,https://design.careers360.com/colleges/lakhotia-institute-of-design-hyderabad,13,https://design.careers360.com//colleges/lakhotia-institute-of-design-hyderabad/courses
339,https://design.careers360.com/colleges/jubilee-institute-of-fashion-designing-hyderabad, 3,https://design.careers360.com//colleges/jubilee-institute-of-fashion-designing-hyderabad/courses
340,https://design.careers360.com/colleges/international-fashion-school-hyderabad, 4,https://design.careers360.com//colleges/international-fashion-school-hyderabad/courses
341,https://design.careers360.com/colleges/creative-mentors-animation-college-hyderabad, 3,https://design.careers360.com//colleges/creative-mentors-animation-college-hyderabad/courses
342,https://design.careers360.com/colleges/international-academy-of-computer-graphics-hyderabad, 3,https://design.careers360.com//colleges/international-academy-of-computer-graphics-hyderabad/courses
343,https://design.careers360.com/colleges/ramoji-academy-of-film-and-television-hyderabad, 1,https://design.careers360.com//colleges/ramoji-academy-of-film-and-television-hyderabad/courses
344,https://design.careers360.com/colleges/rajeshwari-women-college-varanasi, 2,https://design.careers360.com//colleges/rajeshwari-women-college-varanasi/courses
345,https://design.careers360.com/colleges/brick-school-of-interior-design-pune, 1,https://design.careers360.com//colleges/brick-school-of-interior-design-pune/courses
346,https://design.careers360.com/colleges/raffles-design-international-mumbai, 6,https://design.careers360.com//colleges/raffles-design-international-mumbai/courses
347,https://design.careers360.com/colleges/zee-institute-of-creative-arts-mumbai, 2,https://design.careers360.com//colleges/zee-institute-of-creative-arts-mumbai/courses
348,https://design.careers360.com/colleges/mit-school-of-film-and-television-pune, 6,https://design.careers360.com//colleges/mit-school-of-film-and-television-pune/courses
349,https://design.careers360.com/colleges/lv-prasad-film-and-tv-academy-chennai, 2,https://design.careers360.com//colleges/lv-prasad-film-and-tv-academy-chennai/courses
350,https://design.careers360.com/colleges/srm-sivaji-ganesan-film-institute-ramapuram, 2,https://design.careers360.com//colleges/srm-sivaji-ganesan-film-institute-ramapuram/courses
351,https://design.careers360.com/colleges/dr-bhupen-hazarika-regional-government-film-and-television-institute-guwahati, 2,https://design.careers360.com//colleges/dr-bhupen-hazarika-regional-government-film-and-television-institute-guwahati/courses
352,https://design.careers360.com/colleges/ecole-intuit-lab-french-institute-of-design-and-visual-communication-mumbai, 3,https://design.careers360.com//colleges/%C3%A9cole-intuit-lab-french-institute-of-design-and-visual-communication-mumbai/courses
353,https://design.careers360.com/colleges/mahila-mahavidyalaya-nagpur,15,https://design.careers360.com//colleges/mahila-mahavidyalaya-nagpur/courses
354,https://design.careers360.com/colleges/central-india-institute-of-mass-communication-nagpur, 9,https://design.careers360.com//colleges/central-india-institute-of-mass-communication-nagpur/courses
355,https://design.careers360.com/colleges/frameboxx-animation-and-visual-effects-chandigarh, 1,https://design.careers360.com//colleges/frameboxx-animation-and-visual-effects-chandigarh/courses
356,https://design.careers360.com/colleges/sri-sukhmani-polytechnic-for-women-chandigarh, 1,https://design.careers360.com//colleges/sri-sukhmani-polytechnic-for-women-chandigarh/courses
357,https://design.careers360.com/colleges/shri-devi-women-polytechnic-hanumangarh, 1,https://design.careers360.com//colleges/shri-devi-women-polytechnic-hanumangarh/courses
358,https://design.careers360.com/colleges/bs-negi-mahila-pravidhik-prashikshan-sansthan-dehradun, 3,https://design.careers360.com//colleges/bs-negi-mahila-pravidhik-prashikshan-sansthan-dehradun/courses
359,https://design.careers360.com/colleges/ct-institute-of-hospitality-management-jalandhar,10,https://design.careers360.com//colleges/ct-institute-of-hospitality-management-jalandhar/courses
360,https://design.careers360.com/colleges/ethelind-college-of-home-science-allahabad,18,https://design.careers360.com//colleges/ethelind-college-of-home-science-allahabad/courses
361,https://design.careers360.com/colleges/vidya-institute-of-fashion-technology-meerut, 5,https://design.careers360.com//colleges/vidya-institute-of-fashion-technology-meerut/courses
362,https://design.careers360.com/colleges/government-womens-polytechnic-college-kota, 3,https://design.careers360.com//colleges/government-womens-polytechnic-college-kota/courses
363,https://design.careers360.com/colleges/shekhawati-polytechnic-college-sikar, 1,https://design.careers360.com//colleges/shekhawati-polytechnic-college-sikar/courses
364,https://design.careers360.com/colleges/aditya-degree-college-for-women-rajahmundry, 1,https://design.careers360.com//colleges/aditya-degree-college-for-women-rajahmundry/courses
365,https://design.careers360.com/colleges/bards-institute-of-design-guwahati, 3,https://design.careers360.com//colleges/bards-institute-of-design-guwahati/courses
366,https://design.careers360.com/colleges/mata-sahib-kaur-girls-college-ferozepur, 1,https://design.careers360.com//colleges/mata-sahib-kaur-girls-college-ferozepur/courses
367,https://design.careers360.com/colleges/bajaj-college-ludhiana, 1,https://design.careers360.com//colleges/bajaj-college-ludhiana/courses
368,https://design.careers360.com/colleges/khalsa-college-for-women-civil-lines-ludhiana, 1,https://design.careers360.com//colleges/khalsa-college-for-women-civil-lines-ludhiana/courses
369,https://design.careers360.com/colleges/parul-institute-of-design-vadodara, 3,https://design.careers360.com//colleges/parul-institute-of-design-vadodara/courses
370,https://design.careers360.com/colleges/jaymin-school-of-fashion-design-and-technology-surat, 2,https://design.careers360.com//colleges/jaymin-school-of-fashion-design-and-technology-surat/courses
371,https://design.careers360.com/colleges/godavariba-school-of-interior-design-surat, 1,https://design.careers360.com//colleges/godavariba-school-of-interior-design-surat/courses
372,https://design.careers360.com/colleges/sheth-pt-mahila-college-of-arts-and-home-science-surat, 1,https://design.careers360.com//colleges/sheth-pt-mahila-college-of-arts-and-home-science-surat/courses
373,https://design.careers360.com/node/311185, 5,https://design.careers360.com//colleges/sushant-school-of-design-gurgaon/courses
374,https://design.careers360.com/colleges/dav-college-hoshiarpur, 1,https://design.careers360.com//colleges/dav-college-hoshiarpur/courses
375,https://design.careers360.com/colleges/nandkunvarba-mahila-college-bhavnagar, 1,https://design.careers360.com//colleges/nandkunvarba-mahila-college-bhavnagar/courses
376,https://design.careers360.com/colleges/sree-vivekananda-padanakendram-malappuram, 1,https://design.careers360.com//colleges/sree-vivekananda-padanakendram-malappuram/courses
377,https://design.careers360.com/colleges/balasore-art-and-craft-college-balasore, 9,https://design.careers360.com//colleges/balasore-art-and-craft-college-balasore/courses
378,https://design.careers360.com/colleges/dhauli-college-of-art-and-crafts-bhubaneswar,ha,https://design.careers360.com//colleges/dhauli-college-of-art-and-crafts-bhubaneswar/courses
379,https://design.careers360.com/colleges/national-institute-of-fashion-designing-bhubaneswar, 2,https://design.careers360.com//colleges/national-institute-of-fashion-designing-bhubaneswar/courses
380,https://design.careers360.com/colleges/rrmk-arya-mahila-mahavidyalaya-pathankot, 2,https://design.careers360.com//colleges/rrmk-arya-mahila-mahavidyalaya-pathankot/courses
381,https://design.careers360.com/colleges/mata-sahib-kaur-girls-college-gehal, 1,https://design.careers360.com//colleges/mata-sahib-kaur-girls-college-gehal/courses
382,https://design.careers360.com/colleges/sd-kanya-mahavidyala-mansa, 1,https://design.careers360.com//colleges/sd-kanya-mahavidyala-mansa/courses
383,https://design.careers360.com/colleges/arya-institute-of-management%C2%A0and%C2%A0technology%C2%A0phagwara, 1,https://design.careers360.com//colleges/arya-institute-of-management%C2%A0and%C2%A0technology%C2%A0phagwara/courses
384,https://design.careers360.com/colleges/baba-khajandas-college-of-management%C2%A0technology-ludhiana, 1,https://design.careers360.com//colleges/baba-khajandas-college-of-management%C2%A0technology-ludhiana/courses
385,https://design.careers360.com/colleges/ramgarhia-institute-of-management-and-advanced-studies-phagwara,ab,https://design.careers360.com//colleges/ramgarhia-institute-of-management-and-advanced-studies-phagwara/courses
386,https://design.careers360.com/colleges/vidya-jyoti-educational-society-dera-bassi, 4,https://design.careers360.com//colleges/vidya-jyoti-educational-society-dera-bassi/courses
387,https://design.careers360.com/colleges/pyramid-college-of-business-and-technology-phagwara, 1,https://design.careers360.com//colleges/pyramid-college-of-business-and-technology-phagwara/courses
388,https://design.careers360.com/colleges/kc-school-of-management-and-computer-application-nawanshahr, 1,https://design.careers360.com//colleges/kc-school-of-management-and-computer-application-nawanshahr/courses
389,https://design.careers360.com/colleges/amity-school-of-fashion-technology-gwalior, 2,https://design.careers360.com//colleges/amity-school-of-fashion-design-technology-gwalior/courses
390,https://design.careers360.com/colleges/jlu-school-of-fine-arts-and-design-bhopal, 1,https://design.careers360.com//colleges/jlu-school-of-fine-arts-and-design-bhopal/courses
391,https://design.careers360.com/colleges/graffiti-institute-of-fashion-technology-indore, 7,https://design.careers360.com//colleges/graffiti-institute-of-fashion-technology-indore/courses
392,https://design.careers360.com/colleges/chitkara-school-of-art-and-design-jhansla, 5,https://design.careers360.com//colleges/chitkara-school-of-art-and-design-jhansala/courses
393,https://design.careers360.com/colleges/aditya-degree-college-gajuwaka, 1,https://design.careers360.com//colleges/aditya-degree-college-gajuwaka/courses
394,https://design.careers360.com/colleges/kakinada-sri-aditya-degree-college-srikakulam, 1,https://design.careers360.com//colleges/kakinada-sri-aditya-degree-college-srikakulam/courses
395,https://design.careers360.com/colleges/aditya-degree-college-womens-kakinada, 1,https://design.careers360.com//colleges/aditya-degree-college-womens-kakinada/courses
396,https://design.careers360.com/colleges/aditya-degree-college-womens-rajahmundry, 1,https://design.careers360.com//colleges/aditya-degree-college-womens-rajahmundry/courses
397,https://design.careers360.com/colleges/aditya-degree-college-palakollu, 1,https://design.careers360.com//colleges/aditya-degree-college-palakollu/courses
398,https://design.careers360.com/colleges/aditya-degree-college-tadepalligudem, 1,https://design.careers360.com//colleges/aditya-degree-college-tadepalligudem/courses
399,https://design.careers360.com/colleges/aditya-degree-college-surampalem, 1,https://design.careers360.com//colleges/aditya-degree-college-surampalem/courses
400,https://design.careers360.com/colleges/mats-school-of-fashion-designing-raipur, 9,https://design.careers360.com//colleges/mats-school-of-fashion-designing-raipur/courses
401,https://design.careers360.com/colleges/vijayalakshmi-institute-of-hospitality-sciences-mangalore, 1,https://design.careers360.com//colleges/vijayalakshmi-institute-of-hospitality-sciences-mangalore/courses
402,https://design.careers360.com/colleges/nidhi-institute-of-creative-art-and-management-mangalore, 7,https://design.careers360.com//colleges/nidhi-institute-of-creative-art-and-management-mangalore/courses
403,https://design.careers360.com/colleges/acharya-school-of-design-bangalore, 4,https://design.careers360.com//colleges/acharya-school-of-design-bangalore/courses
404,https://design.careers360.com/colleges/garment-research-training-design-and-development-centre-bellary, 2,https://design.careers360.com//colleges/garment-research-training-design-and-development-centre-bellary/courses
405,https://design.careers360.com/colleges/bhilai-mahila-mahavidyalaya-bhilai-nagar,42,https://design.careers360.com//colleges/bhilai-mahila-mahavidyalaya-bhilai-nagar/courses
406,https://design.careers360.com/colleges/auro-design-school-surat, 3,https://design.careers360.com//colleges/auro-design-school-surat/courses
407,https://design.careers360.com/colleges/acharya-institute-of-graduate-studies-bengaluru, 2,https://design.careers360.com//colleges/acharya-institute-of-graduate-studies-bengaluru/courses
408,https://design.careers360.com/colleges/dayanand-college-of-arts-latur, 2,https://design.careers360.com//colleges/dayanand-college-of-arts-latur/courses
409,https://design.careers360.com/colleges/nehru-arts-and-science-college-coimbatore, 1,https://design.careers360.com//colleges/nehru-arts-and-science-college-coimbatore/courses
410,https://design.careers360.com/colleges/arjan-dass-college-dharamkot, 1,https://design.careers360.com//colleges/arjan-dass-college-dharamkot/courses
411,https://design.careers360.com/colleges/sri-guru-angad-dev-college-khadur-sahib, 1,https://design.careers360.com//colleges/sri-guru-angad-dev-college-khadur-sahib/courses
412,https://design.careers360.com/colleges/ghatsila-college-ghatsila, 1,https://design.careers360.com//colleges/ghatsila-college-ghatsila/courses
413,https://design.careers360.com/colleges/late-sow-kamaltai-jamkar-mahila-mahavidyalaya-parbhani,40,https://design.careers360.com//colleges/late-sow-kamaltai-jamkar-mahila-mahavidyalaya-parbhani/courses
414,https://design.careers360.com/colleges/government-degree-college-tuni, 1,https://design.careers360.com//colleges/government-degree-college-tuni/courses
415,https://design.careers360.com/colleges/skvt-college-rajahmundry,sh,https://design.careers360.com//colleges/skvt-college-rajahmundry/courses
416,https://design.careers360.com/colleges/garden-city-college-of-science-and-management-studies-bangalore, 1,https://design.careers360.com//colleges/garden-city-college-of-science-and-management-studies-bangalore/courses
